foeAgility,cunning,stability,dodging,volleyGroupID,groupSize,tApplied,dis2Last,dis2Cent,dis2Group,clicked,dodged
2,4,2,2,0,1,1,0.5419519363113465,0.5419519363113465,0,1,0
2,4,2,2,1,2,1,0.17170838645469963,0.5256687309386884,0.22217894612751607,1,0
2,4,2,2,1,2,1,0.18339400478067705,0.3587219825807981,0.22217894612751607,0,0
14,5,4,2,0,1,9,0.28760706805047365,0.28760706805047365,0,1,0
14,5,4,2,1,3,6,0.08073779815739167,0.35868665893463425,0.4286805052664875,1,0
14,5,4,2,1,3,9,0.208000417610075,0.49442561193919815,0.5009356634462909,0,0
14,5,4,2,1,3,6,0.6388577878676639,0.3568479032526794,0.7745991679373216,0,0
14,5,4,2,2,1,9,0.8340849830535574,0.47629536664185557,0,1,0
14,5,4,2,3,3,9,0.48992601683842085,0.3403776372304095,0.5574136544273971,1,0
14,5,4,2,3,3,6,0.5278789839593814,0.2778480295434218,0.5602215129358816,0,0
14,5,4,2,3,3,8,0.02773298602740099,0.47895962239721235,0.5127467593040311,0,0
14,5,4,2,4,2,6,0.08694420603495803,0.4086312603314179,0.18751456718665,1,0
14,5,4,2,4,2,8,0.1208575047020359,0.3698473246975839,0.18751456718665,0,0
14,5,4,2,5,1,8,0.8299325203604091,0.4499830938216833,0,1,0
14,5,4,2,6,3,9,0.48259646272629175,0.3804651598497967,0.40170497445849834,1,0
14,5,4,2,6,3,8,0.6663671990354127,0.5433223773714393,0.426841901059649,0,0
14,5,4,2,6,3,9,0.8712474264579584,0.4255313129872672,0.6349970687311868,0,0
14,5,4,2,7,3,6,0.07477083688675148,0.4209872255117559,0.3572331524302733,1,0
14,5,4,2,7,3,9,0.5577107760112513,0.4669947837226022,0.611567284475111,0,0
14,5,4,2,7,3,9,0.06866462892084527,0.4485478743401881,0.33666410218960446,0,0
14,5,4,2,8,2,9,0.047466943360471144,0.4528975632985157,0.7190997240815014,1,0
14,5,4,2,8,2,9,0.6716400293312418,0.5230103788900243,0.7190997240815014,1,0
2,8,1,1,0,1,2,0.6410335240074266,0.6410335240074266,0,1,0
2,8,1,1,1,6,2,0.8163326041117365,0.4261294810221378,0.6579650421646906,1,0
2,8,1,1,1,6,1,0.7071989413117964,0.4573369460372204,0.6451668001372518,1,0
2,8,1,1,1,6,2,1.0664323362015837,0.4388356813831733,0.8035343253727234,0,0
2,8,1,1,1,6,1,0.18464769077188886,0.4647830155577745,0.599814978328878,0,0
2,8,1,1,1,6,2,0.9118589514300596,0.6965171561381849,0.9385506651032125,0,0
2,8,1,1,1,6,1,0.12051400167914382,0.521927904747791,0.6370549493211505,0,0
10,13,6,3,0,3,8,0.28541238324686613,0.28541238324686613,0.5137223858808394,1,0
10,13,6,3,0,3,8,0.4006543138541566,0.4006543138541566,0.44456347167253024,0,0
10,13,6,3,0,3,8,0.29325238747256777,0.29325238747256777,0.49787079184247524,0,0
10,13,6,3,1,1,6,0.5237175182486704,0.2871268606685097,0,1,1
10,13,6,3,2,4,6,0.4085661746526883,0.35974977480327375,0.3735052269754003,1,0
10,13,6,3,2,4,2,0.41956840888659824,0.36823859092450545,0.380064059231136,1,0
10,13,6,3,2,4,6,0.4085661746526883,0.35974977480327375,0.3735052269754003,1,0
10,13,6,3,2,4,8,0.028928556017539107,0.315387560412444,0.4465000511724204,0,0
10,13,6,3,2,4,8,0.4671073134443627,0.3320525027355857,0.6276682328001081,0,0
10,13,6,3,3,1,6,0.46663297713124713,0.3831082300616075,0,1,1
10,13,6,3,4,1,6,0.7732464605761127,0.39424921094409204,0,1,1
10,13,6,3,5,1,8,0.6819543115976476,0.2899967791082001,0,1,1
10,13,6,3,6,2,6,0.5006209162491629,0.377733094616448,0.6001378346019631,1,0
10,13,6,3,6,2,8,0.4010877316170522,0.22859014796573002,0.6001378346019631,0,0
10,13,6,3,7,6,6,0.37100539796698506,0.23871829092157038,0.331234640513035,1,0
10,13,6,3,7,6,2,0.3510374204980361,0.22654017124123443,0.3143967720736237,1,0
10,13,6,3,7,6,8,0.046376475692316246,0.3321299086698171,0.21149687127564049,1,0
10,13,6,3,7,6,4,0.11456035224710673,0.3340875877965575,0.2016613594297402,0,0
10,13,6,3,7,6,2,0.15104132511173485,0.4161849572539266,0.25698603860874586,0,0
10,13,6,3,7,6,4,0.14950654683371592,0.33309754224090776,0.21597065525903753,0,0
10,13,6,3,7,6,4,0.11456035224710673,0.3340875877965575,0.2016613594297402,0,0
10,13,6,3,7,6,2,0.15104132511173485,0.4161849572539266,0.25698603860874586,0,0
10,13,6,3,7,6,4,0.14950654683371592,0.33309754224090776,0.21597065525903753,0,0
10,13,6,3,9,5,6,0.15965945363354753,0.35083526855038405,0.5948206553717854,1,1
10,13,6,3,8,1,6,0.45925511831604454,0.378864811036136,0,1,0
10,13,6,3,9,5,6,0.5448019013416086,0.3835245749042728,0.44677633458501964,1,0
10,13,6,3,9,5,2,0.6976755893358493,0.3262705705136044,0.4348773999928568,0,0
10,13,6,3,9,5,8,0.6062691651269374,0.22773002275812904,0.3611999260381423,0,0
10,13,6,3,9,5,2,0.518663533794882,0.26604105332874406,0.3603351577284773,0,0
10,13,6,3,10,2,4,0.12528964583877794,0.30835785459884746,0.522773087817704,1,0
10,13,6,3,10,2,8,0.5222230240210821,0.32374460711215985,0.522773087817704,0,0
5,13,7,6,0,5,1,0.152483123144608,0.152483123144608,0.30215308666888185,1,1
5,13,7,6,0,5,1,0.31059675968823314,0.31059675968823314,0.36392133710279967,0,0
5,13,7,6,0,5,1,0.2854960870038512,0.2854960870038512,0.31672811839453635,0,0
5,13,7,6,0,5,1,0.4019067383129523,0.4019067383129523,0.5987539375017921,0,0
5,13,7,6,0,5,1,0.31357714356003985,0.31357714356003985,0.38982879645905155,0,0
5,13,7,6,1,4,1,0.4215554757001021,0.38211094067118423,0.38509389447914466,1,1
5,13,7,6,1,4,1,0.40076231596351813,0.3391874358082972,0.634100876657706,0,0
5,13,7,6,1,4,1,0.38630025288775577,0.3232642888878871,0.3597803961874578,0,0
5,13,7,6,1,4,0,0.14122309872949956,0.2559380125149814,0.419805468672215,0,0
16,2,4,2,0,3,9,0.3763815311884862,0.3763815311884862,0.3437177405925898,1,0
16,2,4,2,0,3,9,0.4509503665021336,0.4509503665021336,0.37056035951698596,0,0
16,2,4,2,0,3,9,0.3871847728224118,0.3871847728224118,0.6387996275173364,0,0
16,2,4,2,1,2,6,0.7556799879300969,0.4107193573950235,0.1632368221658626,1,0
16,2,4,2,1,2,9,0.6336335871681317,0.2661293327689314,0.1632368221658626,0,0
16,2,4,2,2,1,9,0.8667127773156355,0.4936363469640912,0,1,0
16,2,4,2,3,2,6,0.5436498598704688,0.36292938658170776,0.5031471255630564,1,0
16,2,4,2,3,2,9,0.8184506184703602,0.32749212881117973,0.5031471255630564,0,0
16,2,4,2,4,1,6,0.12840496690558423,0.4184601705543984,0,1,0
16,2,4,2,5,3,8,0.3690826840400119,0.26200633645626165,0.24431270974976727,1,0
16,2,4,2,5,3,9,0.17113084055155264,0.4119417177509539,0.4687488463998284,0,0
16,2,4,2,5,3,9,0.3668310042752855,0.28365440843712375,0.24692169786355142,0,0
16,2,4,2,6,1,4,0.7107531246444935,0.45089598841175155,0,1,0
16,2,4,2,7,2,9,0.522575543113084,0.25127633769369295,0.3892921942847378,1,0
16,2,4,2,7,2,9,0.14257858182873465,0.36770768058183917,0.3892921942847378,0,0
16,2,4,2,8,2,6,0.5448432908003421,0.4690805041420852,0.9639703349388629,1,0
16,2,4,2,8,2,9,0.57220872362505,0.4968609491738775,0.9639703349388629,0,0
3,7,6,3,0,1,1,0.41282336870693853,0.41282336870693853,0,1,0
3,7,6,3,1,1,1,0.5803586464986399,0.4944166927502347,0,1,0
7,14,11,3,0,1,6,0.18524849158556478,0.18524849158556478,0,1,1
7,14,11,3,1,2,2,0.3251424914232267,0.20614380839328802,0.32154673206691947,1,1
7,14,11,3,1,2,6,0.08632154050647481,0.1370273064725301,0.32154673206691947,0,0
7,14,11,3,2,2,6,0.09659779125095581,0.18230380880204244,0.3638025893445777,1,1
7,14,11,3,2,2,6,0.28435181549397265,0.31448421148563876,0.3638025893445777,0,0
7,14,11,3,3,1,1,0.2332330720164973,0.14934845492230156,0,1,1
7,14,11,3,4,7,2,0.2981413458121187,0.24465819589657054,0.3059068351159673,1,0
7,14,11,3,4,7,4,0.27711945601504834,0.19480764935301603,0.25562532330367177,1,0
7,14,11,3,4,7,6,0.20773776328897905,0.14136901408183716,0.23028670578410296,0,0
7,14,11,3,4,7,4,0.2496829797664618,0.1492006515289073,0.2318330613809628,0,0
7,14,11,3,4,7,6,0.2247524490163313,0.14649923633017467,0.2321277411922468,0,0
7,14,11,3,4,7,6,0.07491948965594034,0.2214254486299474,0.32343871332916363,0,0
7,14,11,3,4,7,6,0.3374403238319379,0.23566296220995256,0.28697321135517195,0,0
7,14,11,3,4,7,6,0.20773776328897905,0.14136901408183716,0.23028670578410296,0,0
7,14,11,3,4,7,4,0.2496829797664618,0.1492006515289073,0.2318330613809628,0,0
7,14,11,3,4,7,6,0.2247524490163313,0.14649923633017467,0.2321277411922468,0,0
7,14,11,3,4,7,6,0.07491948965594034,0.2214254486299474,0.32343871332916363,0,0
7,14,11,3,5,1,2,0.44030247495596303,0.2463052006721554,0,1,0
7,14,11,3,6,3,2,0.3348285953373495,0.2512267515312572,0.3295408092398261,1,1
7,14,11,3,6,3,6,0.3641279690624011,0.15526767903261654,0.29354785466120903,1,0
7,14,11,3,6,3,6,0.419173261975902,0.17934536727258021,0.2326500753483554,0,0
7,14,11,3,7,1,4,0.3959485906915615,0.2498438126646216,0,1,1
7,5,3,0,0,3,1,0.4416393044123101,0.4416393044123101,0.7743059692424681,1,0
7,5,3,0,0,3,1,0.4659313948275654,0.4659313948275654,0.4043496223012977,1,0
7,5,3,0,0,3,1,0.48700219801980804,0.48700219801980804,0.4271010644841739,1,0
7,5,3,0,0,3,1,0.4659313948275654,0.4659313948275654,0.4043496223012977,1,0
7,5,3,0,1,5,1,0.07656309262498542,0.4642855029573131,0.3980125084385522,1,0
7,5,3,0,1,5,1,0.9846765413199099,0.5273472031017592,0.8621160606294487,0,0
7,5,3,0,1,5,1,0.12201195347870021,0.3690139223861376,0.35920673762637934,0,0
7,5,3,0,1,5,1,0.06469365362058288,0.4383131156859189,0.3729728634737696,0,0
7,5,3,0,1,5,1,0.4394887001963868,0.35625108932161614,0.4862828634606343,0,0
0,2,0,0,0,4,0,0.5449556376897234,0.5449556376897234,0.8624103726990965,1,0
0,2,0,0,0,4,0,0.4942872838740552,0.4942872838740552,0.878557309399261,1,0
0,2,0,0,0,4,0,0.6021737350331705,0.6021737350331705,0.9384255937790758,0,0
0,2,0,0,0,4,0,0.6100179426410121,0.6100179426410121,0.8906422065379402,0,0
0,2,0,0,1,2,0,1.1900001030622278,0.711226644981644,1.2406613252595178,1,0
0,2,0,0,1,2,0,0.2402451102385319,0.5324179695444284,1.2406613252595178,0,0
8,4,6,4,0,6,1,0.27127989681824755,0.27127989681824755,0.6559587183574412,1,1
8,4,6,4,0,6,1,0.38360189268493,0.38360189268493,0.5009072904923546,1,0
8,4,6,4,0,6,1,0.4598367784417569,0.4598367784417569,0.3031607940563276,0,0
8,4,6,4,0,6,2,0.3633476230086379,0.3633476230086379,0.27128759801558855,0,0
8,4,6,4,0,6,2,0.35098843897279014,0.35098843897279014,0.2681663101762729,0,0
8,4,6,4,0,6,4,0.4742803044775047,0.4742803044775047,0.31460586251514033,0,0
8,4,6,4,1,1,2,0.06591389628097157,0.3969132258330051,0,1,0
8,4,6,4,2,2,4,0.485532369035615,0.22828248591095324,0.6900965895666344,1,1
8,4,6,4,2,2,2,0.5869360666375946,0.4622066572626552,0.6900965895666344,0,0
8,4,6,4,3,1,4,0.14932586022561778,0.3343985583118576,0,1,1
8,4,6,4,4,1,4,0.08734453687048271,0.2791772661924345,0,1,1
5,6,5,3,0,1,9,0.5108829049307612,0.5108829049307612,0,1,0
5,6,5,3,1,2,9,0.7333285760894691,0.22300081448679762,0.49607249943869436,1,0
5,6,5,3,1,2,6,0.6236900649863862,0.43230156839900924,0.49607249943869436,0,0
5,6,5,3,2,4,6,0.5471438027905298,0.3247488950942113,0.3878412711429458,1,0
5,6,5,3,2,4,4,0.5152644482234802,0.40797141457068054,0.46690333854493327,1,0
5,6,5,3,2,4,9,0.6477283681622215,0.4280509338637848,0.4241252403264526,0,0
5,6,5,3,2,4,9,0.09310656366362546,0.31071378818065776,0.6368469260634737,0,0
5,6,5,3,3,2,6,0.7346540079164837,0.36021521456073735,0.5186604665727833,1,0
5,6,5,3,3,2,9,0.352637659178928,0.361867990633391,0.5186604665727833,0,0
5,6,5,3,4,6,6,0.5656438785525667,0.39415681760466625,0.4933183089448595,1,0
5,6,5,3,4,6,8,0.817359282155135,0.4600966587509177,0.6034800370187634,1,0
5,6,5,3,4,6,6,0.055816256376023575,0.38163742860094424,0.5916667362915188,0,0
5,6,5,3,4,6,9,0.04713394243062539,0.3991373736222677,0.5871966637530982,0,0
5,6,5,3,4,6,9,0.6524071961423603,0.44892964616008546,0.5236064364781228,0,0
5,6,5,3,4,6,9,0.7132840202094194,0.358488702656525,0.5423680677493583,0,0
5,6,5,3,4,6,6,0.055816256376023575,0.38163742860094424,0.5916667362915188,0,0
5,6,5,3,4,6,9,0.04713394243062539,0.3991373736222677,0.5871966637530982,0,0
5,6,5,3,4,6,9,0.6524071961423603,0.44892964616008546,0.5236064364781228,0,0
7,0,0,0,0,2,2,0.5987672198935814,0.5987672198935814,0.18635571698109654,1,0
7,0,0,0,0,2,6,0.49941155060802106,0.49941155060802106,0.18635571698109654,0,0
7,0,0,0,1,10,4,0.18762320633644766,0.46211645947271757,0.6677648666520629,1,0
7,0,0,0,1,10,6,0.9261069141116373,0.4266973526561664,0.6721181040601881,0,0
7,0,0,0,1,10,6,0.0949339973857672,0.4306226004896086,0.6275456355372531,0,0
7,0,0,0,1,10,1,0.6070192850297357,0.6366209033748257,0.6417975027514804,0,0
7,0,0,0,1,10,6,0.26639553611888184,0.582193226379941,0.7684334520581042,0,0
7,0,0,0,1,10,4,0.690128602538586,0.5714582842066603,0.5940615475327479,0,0
7,0,0,0,1,10,2,0.7427259747866072,0.5833958764776352,0.6133598981758842,0,0
7,0,0,0,1,10,6,0.49779016697115286,0.4553485602445392,0.5454544341614449,0,0
7,0,0,0,1,10,6,0.9654967966094921,0.4667368937541132,0.7007891778799719,0,0
7,0,0,0,1,10,6,1.0246792281645094,0.5263610865208279,0.7494170732669025,0,0
7,0,0,0,1,10,6,0.9261069141116373,0.4266973526561664,0.6721181040601881,0,0
7,0,0,0,1,10,6,0.0949339973857672,0.4306226004896086,0.6275456355372531,0,0
7,0,0,0,1,10,1,0.6070192850297357,0.6366209033748257,0.6417975027514804,0,0
7,0,0,0,1,10,6,0.26639553611888184,0.582193226379941,0.7684334520581042,0,0
7,0,0,0,1,10,4,0.690128602538586,0.5714582842066603,0.5940615475327479,0,0
7,0,0,0,1,10,2,0.7427259747866072,0.5833958764776352,0.6133598981758842,0,0
7,0,0,0,1,10,6,0.49779016697115286,0.4553485602445392,0.5454544341614449,0,0
7,0,0,0,1,10,6,0.9654967966094921,0.4667368937541132,0.7007891778799719,0,0
6,5,10,6,0,2,9,0.25697309604162444,0.25697309604162444,0.10463231031896346,1,0
6,5,10,6,0,2,9,0.152366525615602,0.152366525615602,0.10463231031896346,0,0
6,5,10,6,1,4,8,0.3352745059296487,0.23790016305213219,0.26275199484676276,1,0
6,5,10,6,1,4,9,0.39786514165370396,0.264403249648737,0.24027443455477163,0,0
6,5,10,6,1,4,9,0.4954057052320285,0.238814995882827,0.24399788965029123,0,0
6,5,10,6,1,4,6,0.5741070363694284,0.31901427828936835,0.2695620856749437,0,0
6,5,10,6,1,4,9,0.39786514165370396,0.264403249648737,0.24027443455477163,0,0
6,5,10,6,1,4,9,0.4954057052320285,0.238814995882827,0.24399788965029123,0,0
6,5,10,6,2,3,6,0.1028432401320878,0.28377141780138626,0.3560157206857767,1,0
6,5,10,6,2,3,9,0.3430645220788713,0.27709090604710324,0.46770953485831,0,0
6,5,10,6,2,3,9,0.4165010152063065,0.2775412163847259,0.4328788039502266,0,0
6,5,10,6,2,3,9,0.3430645220788713,0.27709090604710324,0.46770953485831,0,0
11,8,7,4,0,4,8,0.3495602179008355,0.3495602179008355,0.29109003430360625,1,0
11,8,7,4,0,4,8,0.33763176952756285,0.33763176952756285,0.6350892158966485,0,0
11,8,7,4,0,4,8,0.29599008023569495,0.29599008023569495,0.25133460706223093,0,0
11,8,7,4,0,4,9,0.2663858399310949,0.2663858399310949,0.2436880352775851,0,0
11,8,7,4,1,7,6,0.6651641850655615,0.31607285832541826,0.4878633443188347,1,0
11,8,7,4,1,7,9,0.1389664586316405,0.22873361148771626,0.330576760617228,0,0
11,8,7,4,1,7,6,0.10557493009709987,0.290785503217391,0.3705075633339896,0,0
11,8,7,4,1,7,8,0.4361285808168996,0.29167277019533444,0.3006995612093073,0,0
11,8,7,4,1,7,9,0.5491392329083034,0.32687376944923185,0.34949525877594945,0,0
11,8,7,4,1,7,8,0.4621234070760706,0.30215888840943694,0.30627987073251756,0,0
11,8,7,4,1,7,9,0.09302282038945621,0.2567464615545413,0.3269753222849103,0,0
11,8,7,4,2,3,6,0.08401793690456638,0.36383181253406466,0.2870347516336589,1,0
11,8,7,4,2,3,9,0.08481153482847772,0.34161327085939996,0.22403914469275824,0,0
11,8,7,4,2,3,9,0.3327144627067773,0.26392699822926813,0.35188173695832164,0,0
11,8,7,4,3,1,6,0.6440333375393317,0.2802639944310755,0,1,1
11,8,7,4,4,1,6,0.5289595033890475,0.3831453522464865,0,1,0
11,8,7,4,5,1,6,0.6732567883509268,0.29088104706994516,0,1,1
11,8,7,4,6,1,9,0.40024302148414403,0.34393454348757624,0,1,0
11,8,7,4,7,1,8,0.5509828277956266,0.3734838498466893,0,1,1
15,0,0,0,0,8,4,0.44423683734078745,0.44423683734078745,0.7598794454925277,1,0
15,0,0,0,0,8,8,0.5426362678794778,0.5426362678794778,0.6093522070745984,0,0
15,0,0,0,0,8,9,0.5232936905780262,0.5232936905780262,0.5944675093159407,0,0
15,0,0,0,0,8,4,0.48850610387198495,0.48850610387198495,0.5824375504733188,0,0
15,0,0,0,0,8,8,0.5820989182252247,0.5820989182252247,0.7229912390257808,0,0
15,0,0,0,0,8,9,0.4370289534093812,0.4370289534093812,0.5928656373004009,0,0
15,0,0,0,0,8,9,0.35546536987757166,0.35546536987757166,0.5573877893802525,0,0
15,0,0,0,0,8,6,0.5867955625415019,0.5867955625415019,0.8892308602796387,0,0
15,0,0,0,0,8,8,0.5426362678794778,0.5426362678794778,0.6093522070745984,0,0
15,0,0,0,0,8,9,0.5232936905780262,0.5232936905780262,0.5944675093159407,0,0
15,0,0,0,0,8,4,0.48850610387198495,0.48850610387198495,0.5824375504733188,0,0
15,0,0,0,0,8,8,0.5820989182252247,0.5820989182252247,0.7229912390257808,0,0
15,0,0,0,0,8,9,0.4370289534093812,0.4370289534093812,0.5928656373004009,0,0
15,0,0,0,0,8,9,0.35546536987757166,0.35546536987757166,0.5573877893802525,0,0
15,0,0,0,1,3,6,0.7285453372042847,0.41327368246526686,0.9641187012487688,1,0
15,0,0,0,1,3,6,0.5342782685167206,0.5549444382476315,0.585723361447268,0,0
15,0,0,0,1,3,9,0.7534310078885,0.586957213266109,0.6193023885057288,0,0
15,0,0,0,1,3,6,0.5342782685167206,0.5549444382476315,0.585723361447268,0,0
0,13,4,4,0,2,0,0.5308337179336131,0.5308337179336131,0.16251307192357684,1,1
0,13,4,4,0,2,0,0.4519856540632621,0.4519856540632621,0.16251307192357684,0,0
0,13,4,4,1,2,0,0.23481146044495183,0.30576584513377214,0.036612104677296156,1,1
0,13,4,4,1,2,0,0.2407482108192583,0.29102073655970206,0.036612104677296156,1,1
0,13,4,4,1,2,0,0.23481146044495183,0.30576584513377214,0.036612104677296156,1,1
10,9,3,1,0,1,2,0.3709809693245299,0.3709809693245299,0,1,0
10,9,3,1,1,1,2,0.10256253523872937,0.47138049998087345,0,1,0
10,9,3,1,2,3,2,0.07981133602680794,0.4209621206941922,0.6865994689709797,1,0
10,9,3,1,2,3,4,0.624081238524521,0.5634374826764249,0.6365238434217588,1,0
10,9,3,1,2,3,4,0.8849153862508702,0.418522384907252,0.7764976663119251,0,0
10,9,3,1,3,1,2,0.6706280939572496,0.4769712272055949,0,1,0
10,9,3,1,4,1,4,0.9098668962424034,0.43688198966371794,0,1,0
10,9,3,1,5,3,1,0.09262511685688023,0.43155073462814003,0.44745278426321344,1,0
10,9,3,1,5,3,4,0.1905557388802702,0.537667151307867,0.49674793402913675,0,0
10,9,3,1,5,3,4,0.7834724415882941,0.34659128555413543,0.8229449019206745,0,0
10,9,3,1,6,2,2,0.13392772621207363,0.5601106172360645,0.7766080344985626,1,0
10,9,3,1,6,2,2,0.6496337299765715,0.41494363602667106,0.7766080344985626,0,0
10,9,3,1,7,1,4,1.0583207531268202,0.5194609623705004,0,1,0
5,6,0,0,0,3,2,0.44688268941586956,0.44688268941586956,0.6956334559029065,1,0
5,6,0,0,0,3,1,0.5547573145523625,0.5547573145523625,0.6289592583097633,0,0
5,6,0,0,0,3,2,0.3339007427429255,0.3339007427429255,0.70650379297899,0,0
5,6,0,0,0,3,1,0.5547573145523625,0.5547573145523625,0.6289592583097633,0,0
5,6,0,0,1,1,2,0.23374087746636127,0.5610170409781885,0,1,0
5,4,2,1,0,2,6,0.26808813404303866,0.26808813404303866,0.5363944181448226,1,0
5,4,2,1,0,2,6,0.4080339021352666,0.4080339021352666,0.5363944181448226,0,0
5,4,2,1,1,1,4,0.6990620230904863,0.5993170848810967,0,1,0
5,4,2,1,2,1,4,1.1108647938581155,0.5117550658148678,0,1,0
5,4,2,1,3,2,1,0.5360749845972254,0.26372786153483974,0.27947740153511325,1,0
5,4,2,1,3,2,6,0.7026928850448941,0.5425313951918951,0.27947740153511325,0,0
5,4,2,1,4,1,2,0.45602455422115296,0.3448679369333561,0,1,0
5,4,2,1,5,2,4,0.5107918497885435,0.3863715663411655,0.8532666699777732,1,0
5,4,2,1,5,2,4,0.5401003898171927,0.47021507450530453,0.8532666699777732,0,0
5,4,2,1,6,5,1,0.5986966604508308,0.4031328764325174,0.4476002257878461,1,0
5,4,2,1,6,5,6,0.15789403739675908,0.5437499706905959,0.6921295357448775,1,0
5,4,2,1,6,5,4,0.6055340964957573,0.46120649863456825,0.4444280512408242,0,0
5,4,2,1,6,5,4,0.5430467107973715,0.49428567639475757,0.4617471009615327,0,0
5,4,2,1,6,5,2,0.5896085651837895,0.39365211835213654,0.8126007578950015,0,0
5,4,2,1,7,3,6,0.6212933288747384,0.4401892018732057,0.9968391952887365,1,0
5,4,2,1,7,3,4,0.836675360398303,0.531101426237826,0.5145489981185036,1,0
5,4,2,1,7,3,4,0.8600218948124772,0.5825380588668744,0.5400999143049856,0,0
3,12,7,1,0,4,1,0.3519502869893317,0.3519502869893317,0.3099531957802037,1,0
3,12,7,1,0,4,4,0.38399312557496557,0.38399312557496557,0.3370685130453339,0,0
3,12,7,1,0,4,4,0.38693458333677955,0.38693458333677955,0.6881445301294522,0,0
3,12,7,1,0,4,4,0.20754892714530096,0.20754892714530096,0.3031282756648922,0,0
3,12,7,1,1,5,4,0.4984519780006553,0.3627376459063858,0.23841049048506974,1,0
3,12,7,1,1,5,2,0.5796728732278446,0.25099081330353884,0.38800153680527816,0,0
3,12,7,1,1,5,4,0.4399944271531778,0.3186911848499527,0.22777573523085537,0,0
3,12,7,1,1,5,1,0.10376731063404901,0.2648337157357134,0.47904548992357265,0,0
3,12,7,1,1,5,4,0.5025605888517383,0.43208087780244797,0.282015265403225,0,0
11,0,0,0,0,1,6,0.5740154247344893,0.5740154247344893,0,1,0
11,0,0,0,1,6,2,0.8674974380957986,0.4779417041450493,0.6378215032938461,1,0
11,0,0,0,1,6,6,0.2048130030145804,0.6312602473819718,0.5714774881083962,0,0
11,0,0,0,1,6,6,0.15962224523026478,0.6147271921239519,0.570812275011686,0,0
11,0,0,0,1,6,6,0.723992420968707,0.3338894927201403,0.5483965319269072,0,0
11,0,0,0,1,6,6,0.24627648366177207,0.4669814761757118,0.49972203243538793,0,0
11,0,0,0,1,6,6,1.0628171668537365,0.5271751229730522,0.9501227063292073,0,0
11,0,0,0,1,6,6,0.2048130030145804,0.6312602473819718,0.5714774881083962,0,0
11,0,0,0,1,6,6,0.15962224523026478,0.6147271921239519,0.570812275011686,0,0
11,0,0,0,1,6,6,0.723992420968707,0.3338894927201403,0.5483965319269072,0,0
11,0,0,0,1,6,2,0.8674974380957986,0.4779417041450493,0.6378215032938461,1,0
11,0,0,0,1,6,6,0.24627648366177207,0.4669814761757118,0.49972203243538793,0,0
11,0,0,0,2,3,4,0.6926955494216264,0.43270415587632133,0.8818149816808383,1,0
11,0,0,0,2,3,6,1.0744520318644897,0.5503439614793286,0.783650005497988,0,0
11,0,0,0,2,3,6,0.7144176539109124,0.5949472803125823,0.926172238344115,0,0
11,0,0,0,3,5,4,0.5278796201052807,0.477038532816493,0.7315655761334324,1,0
11,0,0,0,3,5,6,0.9133109545916119,0.4809207695901099,0.6684688186657811,0,0
11,0,0,0,3,5,1,0.6985547934808819,0.38098010053633546,0.628684879689397,0,0
11,0,0,0,3,5,2,0.6817323713039651,0.532296208077083,0.7358961432266526,0,0
11,0,0,0,3,5,4,0.8711456121024349,0.6570895826782631,0.8376599018940047,0,0
11,0,0,0,3,5,6,0.9133109545916119,0.4809207695901099,0.6684688186657811,0,0
11,0,0,0,3,5,1,0.6985547934808819,0.38098010053633546,0.628684879689397,0,0
11,0,0,0,3,5,2,0.6817323713039651,0.532296208077083,0.7358961432266526,0,0
11,0,0,0,4,2,6,0.13958324672514488,0.5435408836228587,1.0577878819605713,1,0
11,0,0,0,4,2,4,1.1751608232356299,0.5182875260123048,1.0577878819605713,0,0
11,0,0,0,5,2,6,0.1325875242627255,0.557347362419705,0.7629838491839925,1,0
11,0,0,0,5,2,6,0.6556145317855233,0.4268184719511161,0.7629838491839925,0,0
11,0,0,0,6,1,6,0.14444319114167717,0.41459845127442757,0,1,0
11,0,0,0,7,2,4,0.4648435709569947,0.5109744572828079,0.9892099754262809,1,0
11,0,0,0,7,2,4,0.7559243241922331,0.47938208461986387,0.9892099754262809,0,0
11,0,0,0,8,2,6,0.6994475541065014,0.43627622218686685,0.577788960880234,1,0
11,0,0,0,8,2,6,1.0130523276061814,0.5058618222468543,0.577788960880234,0,0
9,10,8,6,0,4,1,0.27372975264185306,0.27372975264185306,0.4855706073511459,1,1
9,10,8,6,0,4,4,0.32324058103181,0.32324058103181,0.2998539459988944,1,0
9,10,8,6,0,4,4,0.3119876466107655,0.3119876466107655,0.42443048391357313,0,0
9,10,8,6,0,4,2,0.25837576587338223,0.25837576587338223,0.2752379259013252,0,0
9,10,8,6,1,8,1,0.5668308110115856,0.2532334407100241,0.4182622584531286,1,1
9,10,8,6,1,8,4,0.38773616540610706,0.31226252560193174,0.3062160692144908,0,0
9,10,8,6,1,8,2,0.3407539694300237,0.3405601816156051,0.4790564648297865,0,0
9,10,8,6,1,8,4,0.38945108883459784,0.26078823462740847,0.27400678607750056,0,0
9,10,8,6,1,8,2,0.30789920795850884,0.2835762642534614,0.43440273380336303,0,0
9,10,8,6,1,8,4,0.38203288197251384,0.21655133871944363,0.26944543092363554,0,0
9,10,8,6,1,8,1,0.08106335617594143,0.3588109556330942,0.411639904463249,0,0
9,10,8,6,1,8,1,0.42081951224931663,0.27810029462764174,0.2876870491623027,0,0
9,10,8,6,2,1,1,0.6068725526059696,0.3926089909659858,0,1,1
9,10,8,6,3,1,4,0.3975576026160065,0.24691982354198844,0,1,1
6,0,0,0,0,2,1,0.31073098008684935,0.31073098008684935,0.25208120497048625,1,0
6,0,0,0,0,2,6,0.5581130736359996,0.5581130736359996,0.25208120497048625,1,0
6,0,0,0,1,2,6,0.7593004095848549,0.5144601734495627,0.06263341146967082,1,0
6,0,0,0,1,2,8,0.8187395857859663,0.5704266792791313,0.06263341146967082,0,0
6,0,0,0,2,6,8,0.6527308587883486,0.4251391804295583,0.6145469944318308,1,0
6,0,0,0,2,6,8,0.7704701308853538,0.519768337513706,0.6396127282340146,1,0
6,0,0,0,2,6,8,0.06852088096939664,0.5711239813440009,1.0024814752348303,0,0
6,0,0,0,2,6,8,1.1307325516505344,0.6171628190341242,0.5770076065602677,0,0
6,0,0,0,2,6,6,1.1133738649918203,0.6006220550858203,0.589416502657335,0,0
6,0,0,0,2,6,6,1.0424628813108563,0.5282962314178226,0.5436492035926616,0,0
6,0,0,0,2,6,8,0.06852088096939664,0.5711239813440009,1.0024814752348303,0,0
6,0,0,0,2,6,8,1.1307325516505344,0.6171628190341242,0.5770076065602677,0,0
6,0,0,0,2,6,6,1.1133738649918203,0.6006220550858203,0.589416502657335,0,0
6,0,0,0,3,4,6,0.6972690199410169,0.4352191624111246,0.6553192369593489,1,0
6,0,0,0,3,4,6,0.22659188752499293,0.4783485862178756,0.6326822174784165,0,0
6,0,0,0,3,4,6,0.944943715150867,0.4168812931508404,0.769994186456783,0,0
6,0,0,0,3,4,4,0.0956347343547995,0.439967111807737,0.5670279933068878,0,0
6,0,0,0,3,4,6,0.22659188752499293,0.4783485862178756,0.6326822174784165,0,0
6,0,0,0,3,4,6,0.944943715150867,0.4168812931508404,0.769994186456783,0,0
6,0,0,0,4,3,6,0.8746897458974551,0.4510290817363693,0.6777687445563689,1,0
6,0,0,0,4,3,6,0.5482882207816141,0.5881043516610692,0.48454835836263754,0,0
6,0,0,0,4,3,4,0.5454630379887199,0.43954985795011947,0.3874838630590093,0,0
6,0,0,0,5,1,8,1.0332481401837856,0.5907360417083628,0,0,0
6,0,0,0,6,4,8,0.7515189445971034,0.6213116496737807,1.0204483675484262,1,0
6,0,0,0,6,4,8,1.1741755413058235,0.5839845586306587,0.5688869887702471,0,0
6,0,0,0,6,4,6,0.91152892324868,0.5500184626626661,0.8839897693993336,0,0
6,0,0,0,6,4,8,1.2453532496548725,0.6557887693235152,0.6039155786583175,0,0
7,9,6,5,0,16,9,0.3098962293679413,0.3098962293679413,0.22803504246127526,1,0
7,9,6,5,0,16,11,0.32000370905630093,0.32000370905630093,0.22837234448563748,1,0
7,9,6,5,0,16,8,0.3329264055189302,0.3329264055189302,0.4213914930817099,0,0
7,9,6,5,0,16,11,0.3623889650885638,0.3623889650885638,0.2876567414795934,0,0
7,9,6,5,0,16,9,0.29122034515587086,0.29122034515587086,0.22763540936235674,0,0
7,9,6,5,0,16,9,0.3021284761497928,0.3021284761497928,0.38197834497005984,0,0
7,9,6,5,0,16,11,0.3631941327535023,0.3631941327535023,0.6302008746028136,0,0
7,9,6,5,0,16,6,0.2916203853422148,0.2916203853422148,0.34838635483102,0,0
7,9,6,5,0,16,9,0.2624950182941982,0.2624950182941982,0.41130012228214563,0,0
7,9,6,5,0,16,6,0.3495024994417258,0.3495024994417258,0.253009018096292,0,0
7,9,6,5,0,16,11,0.35606012925643893,0.35606012925643893,0.2657244199574898,0,0
7,9,6,5,0,16,9,0.3622642524291089,0.3622642524291089,0.48675940055726485,0,0
7,9,6,5,0,16,11,0.29408366626985843,0.29408366626985843,0.2494535920185136,0,0
7,9,6,5,0,16,8,0.3638014865625029,0.3638014865625029,0.252460736574588,0,0
7,9,6,5,0,16,9,0.3340816453947253,0.3340816453947253,0.23505477910887052,0,0
7,9,6,5,0,16,11,0.3241039101715006,0.3241039101715006,0.2382562088774751,0,0
7,9,6,5,0,16,8,0.3329264055189302,0.3329264055189302,0.4213914930817099,0,0
7,9,6,5,0,16,11,0.3623889650885638,0.3623889650885638,0.2876567414795934,0,0
7,9,6,5,0,16,9,0.29122034515587086,0.29122034515587086,0.22763540936235674,0,0
7,9,6,5,0,16,9,0.3021284761497928,0.3021284761497928,0.38197834497005984,0,0
7,9,6,5,0,16,11,0.3631941327535023,0.3631941327535023,0.6302008746028136,0,0
7,9,6,5,0,16,6,0.2916203853422148,0.2916203853422148,0.34838635483102,0,0
7,9,6,5,0,16,9,0.2624950182941982,0.2624950182941982,0.41130012228214563,0,0
7,9,6,5,0,16,6,0.3495024994417258,0.3495024994417258,0.253009018096292,0,0
7,9,6,5,0,16,11,0.35606012925643893,0.35606012925643893,0.2657244199574898,0,0
7,9,6,5,0,16,9,0.3622642524291089,0.3622642524291089,0.48675940055726485,0,0
7,9,6,5,0,16,11,0.29408366626985843,0.29408366626985843,0.2494535920185136,0,0
7,9,6,5,0,16,8,0.3638014865625029,0.3638014865625029,0.252460736574588,0,0
7,9,6,5,0,16,9,0.3340816453947253,0.3340816453947253,0.23505477910887052,0,0
7,9,6,5,1,1,8,0.6871737316155192,0.364898582810785,0,1,0
16,7,4,3,0,2,9,0.5362872413229824,0.5362872413229824,0.9622864456514142,1,0
16,7,4,3,0,2,9,0.4379478597832415,0.4379478597832415,0.9622864456514142,0,0
16,7,4,3,1,9,8,0.11447120220609308,0.3250143928226959,0.34331688178552666,1,0
16,7,4,3,1,9,9,0.43425214027699166,0.4476935834148662,0.43390638236336027,0,0
16,7,4,3,1,9,8,0.7687022132083935,0.3361241050533228,0.6316107240501933,0,0
16,7,4,3,1,9,9,0.013789374358401824,0.4395907774986822,0.38846577820942446,0,0
16,7,4,3,1,9,11,0.1285032704587645,0.45355368625518894,0.4231686660821919,0,0
16,7,4,3,1,9,11,0.43972188502421977,0.425074290955675,0.42446802822605983,0,0
16,7,4,3,1,9,11,0.6235103302388589,0.30149945438660913,0.5935692663473845,0,0
16,7,4,3,1,9,9,0.47112317671214554,0.3069849051248908,0.41407784082106025,0,0
16,7,4,3,1,9,9,0.11434201040617806,0.3919849446500004,0.38238291847060984,0,0
13,6,2,4,0,8,9,0.2924681889673312,0.2924681889673312,0.4549933814146973,1,0
13,6,2,4,0,8,9,0.46557356448706366,0.46557356448706366,0.5332649869366617,0,0
13,6,2,4,0,8,8,0.39919188844538456,0.39919188844538456,0.45463801017487654,0,0
13,6,2,4,0,8,9,0.5993166823658889,0.5993166823658889,0.526869004899246,0,0
13,6,2,4,0,8,9,0.4206955929221067,0.4206955929221067,0.7769097059565537,0,0
13,6,2,4,0,8,11,0.5617144385518164,0.5617144385518164,0.5082475517999003,0,0
13,6,2,4,0,8,11,0.4025438266961416,0.4025438266961416,0.42675642569139666,0,0
13,6,2,4,0,8,11,0.49001583622542866,0.49001583622542866,0.5317364527101801,0,0
13,6,2,4,0,8,9,0.46557356448706366,0.46557356448706366,0.5332649869366617,0,0
13,6,2,4,0,8,8,0.39919188844538456,0.39919188844538456,0.45463801017487654,0,0
13,6,2,4,0,8,9,0.5993166823658889,0.5993166823658889,0.526869004899246,0,0
13,6,2,4,0,8,9,0.4206955929221067,0.4206955929221067,0.7769097059565537,0,0
13,6,2,4,0,8,11,0.5617144385518164,0.5617144385518164,0.5082475517999003,0,0
13,6,2,4,0,8,11,0.4025438266961416,0.4025438266961416,0.42675642569139666,0,0
13,6,2,4,1,3,9,0.08690559128418136,0.4049485312558588,0.83093041414536,1,0
13,6,2,4,1,3,2,0.9792049405876928,0.4898201513174914,0.5345571478352068,1,0
13,6,2,4,1,3,11,0.8537164197114149,0.3690423345941382,0.4708314276802906,0,0
13,6,2,4,1,3,11,0.8537164197114149,0.3690423345941382,0.4708314276802906,0,0
0,7,7,3,0,1,0,0.24383785949774334,0.24383785949774334,0,1,1
0,7,7,3,1,3,0,0.554880486816691,0.3126089451619088,0.3425727537922924,1,1
0,7,7,3,1,3,0,0.4904625360052558,0.4515239895009668,0.49287492213545914,1,0
0,7,7,3,1,3,0,0.5996026724312751,0.3773923265309263,0.29864583029079855,0,0
3,13,9,7,0,1,1,0.24079102621530463,0.24079102621530463,0,1,1
3,13,9,7,1,1,1,0.555264748828836,0.3166502362002099,0,1,1
10,7,10,6,0,1,9,0.1723547965736297,0.1723547965736297,0,1,0
10,7,10,6,1,2,9,0.2784067298828468,0.2161452752417741,0.3502439376212047,1,1
10,7,10,6,1,2,8,0.41868802186628545,0.24751095893912378,0.3502439376212047,0,0
10,7,10,6,2,4,9,0.3802170078493365,0.2780396009938568,0.3942536629764632,1,0
10,7,10,6,2,4,9,0.03426461915624961,0.24900231077691434,0.4600463420896482,1,0
10,7,10,6,2,4,9,0.43990563870902455,0.22875089994682699,0.2940779878393684,0,0
10,7,10,6,2,4,9,0.46743930052134125,0.25472303553754894,0.3060715297146716,0,0
10,7,10,6,2,4,9,0.43990563870902455,0.22875089994682699,0.2940779878393684,0,0
10,7,10,6,3,5,6,0.1187511767904739,0.25485953002643047,0.40114655768266494,1,0
10,7,10,6,3,5,8,0.466535612243442,0.2174275686236014,0.30427277325184926,0,0
10,7,10,6,3,5,9,0.32044675224360203,0.25975205902892784,0.39608577366562625,0,0
10,7,10,6,3,5,9,0.35059815816372947,0.2729071884895335,0.4019639323489467,0,0
10,7,10,6,3,5,8,0.4746471231168467,0.22565578613426385,0.30923109919989145,0,0
6,7,9,4,0,1,1,0.2571637381420452,0.2571637381420452,0,1,1
6,7,9,4,1,1,1,0.09801572041079809,0.35436564694693584,0,1,1
5,4,1,0,0,3,1,0.3873805007251198,0.3873805007251198,0.45491151932213947,1,0
5,4,1,0,0,3,6,0.4183048628873059,0.4183048628873059,0.47239757810230665,0,0
5,4,1,0,0,3,4,0.47152118072504556,0.47152118072504556,0.8710727373501133,0,0
5,4,1,0,1,2,2,0.14761707654594652,0.294455973373627,0.513151683750644,1,0
5,4,1,0,1,2,6,0.6517851031106509,0.5651842918475034,0.513151683750644,0,0
7,2,2,0,0,5,9,0.4109918704096236,0.4109918704096236,0.6114831823244764,1,0
7,2,2,0,0,5,6,0.622086332330171,0.622086332330171,0.7646915564554997,0,0
7,2,2,0,0,5,9,0.40333957019052274,0.40333957019052274,0.6531028922182469,0,0
7,2,2,0,0,5,9,0.5101599170584953,0.5101599170584953,0.6726428441195661,0,0
7,2,2,0,0,5,9,0.42916343602369716,0.42916343602369716,0.6603497975052226,0,0
7,2,2,0,0,5,6,0.622086332330171,0.622086332330171,0.7646915564554997,0,0
7,2,2,0,0,5,9,0.40333957019052274,0.40333957019052274,0.6531028922182469,0,0
7,2,2,0,0,5,9,0.5101599170584953,0.5101599170584953,0.6726428441195661,0,0
7,2,2,0,1,3,9,0.07657413979238643,0.4992598467194863,0.8134714501650939,1,0
7,2,2,0,1,3,9,0.6322299840191985,0.518539945280929,0.728402219942891,0,0
7,2,2,0,1,3,6,0.8594142367294572,0.432434231957232,0.8415676714954694,0,0
