foeAgility,cunning,stability,dodging,volleyGroupID,groupSize,tApplied,dis2Last,dis2Cent,dis2Group,opacity,clicked,dodged
4,2,2,0,0,3,4,0.333474978,0.333474978,0.5160142,0.96,1,0
4,2,2,0,0,3,4,0.343921497,0.343921497,0.326376556,0.894,0,0
4,2,2,0,0,3,4,0.443593741,0.443593741,0.331673098,0.894,0,0
4,2,2,0,1,1,4,0.063528974,0.282248726,0,0.96,1,0
4,2,2,0,2,5,1,0.598737999,0.461966909,0.494148957,0.96,1,0
4,2,2,0,2,5,4,0.584613097,0.500522297,0.54179823,0.894,0,0
4,2,2,0,2,5,4,0.789712678,0.509207975,0.598973286,0.894,0,0
4,2,2,0,2,5,4,0.770098425,0.490014939,0.536260186,0.894,0,0
4,2,2,0,2,5,1,0.098782328,0.356343208,0.769628693,0.894,0,0
4,2,2,0,3,1,1,0.977166803,0.543580724,0,0.96,1,0
2,2,1,1,0,1,1,0.445484533,0.445484533,0,0.96,1,0
2,2,1,1,1,1,1,0.719918143,0.597216552,0,0.96,1,0
2,2,1,1,2,2,1,1.049116611,0.454137575,0.860217098,0.96,1,0
2,2,1,1,2,2,1,0.197823831,0.41495624,0.860217098,0.894,0,0
2,2,1,1,3,1,1,0.163336543,0.366742454,0,0.96,1,0
2,2,1,1,4,1,1,0.574020026,0.416390029,0,0.96,1,0
2,2,1,1,5,2,1,0.542677593,0.542058221,0.221234055,0.96,1,0
2,2,1,1,5,2,1,0.760775003,0.689056151,0.221234055,0.894,0,0
2,2,1,1,6,2,1,0.836685799,0.305094525,0.589902425,0.894,1,0
2,2,1,1,6,2,1,0.906379499,0.535899184,0.589902425,0.96,1,0
2,2,1,1,7,3,1,1.039223304,0.510930557,0.507824575,0.894,1,0
2,2,1,1,7,3,1,0.908831382,0.375042374,0.437237378,0.96,1,0
2,2,1,1,7,3,1,0.542389482,0.458434076,0.80189797,0.894,0,0
2,2,1,1,8,1,1,0.054225675,0.4042599,0,0.96,1,0
2,2,1,1,9,1,1,0.511058015,0.478936382,0,0.96,1,0
11,6,12,5,0,2,6,0.165415811,0.165415811,0.055915041,0.96,1,1
11,6,12,5,0,2,9,0.175312012,0.175312012,0.055915041,0.842,0,0
11,6,12,5,1,6,6,0.348996674,0.191842213,0.234511271,0.96,1,1
11,6,12,5,1,6,11,0.235619748,0.169276596,0.151188686,0.842,0,0
11,6,12,5,1,6,9,0.266890507,0.169253106,0.139006358,0.842,0,0
11,6,12,5,1,6,9,0.273068828,0.152805897,0.137215014,0.842,0,0
11,6,12,5,1,6,9,0.229827596,0.169496524,0.156493779,0.842,0,0
11,6,12,5,1,6,11,0.38278242,0.22080766,0.238564927,0.842,0,0
11,6,12,5,2,2,9,0.045193926,0.211383704,0.014811359,0.96,1,0
11,6,12,5,2,2,9,0.030871439,0.201489282,0.014811359,0.842,0,0
11,6,12,5,3,2,9,0.071101245,0.155041164,0.3342915,0.96,1,1
11,6,12,5,3,2,11,0.392297609,0.1809791,0.3342915,0.842,0,0
11,6,12,5,4,1,11,0.276575201,0.122163905,0,0.96,1,1
11,6,12,5,5,1,11,0.321389375,0.199442322,0,0.96,1,0
11,6,12,5,6,1,9,0.013621321,0.212901271,0,0.96,1,1
11,6,12,5,7,1,9,0.237749551,0.213150143,0,0.96,1,1
11,6,12,5,8,1,9,0.252948011,0.133886522,0,0.96,1,1
11,6,12,5,9,1,11,0.188131279,0.167660047,0,0.96,1,0
6,1,0,0,0,1,6,0.649172568,0.649172568,0,0.96,1,0
6,1,0,0,1,1,9,1.139199413,0.492142161,0,0.96,1,0
6,1,0,0,2,1,2,0.254330733,0.320713175,0,0.96,1,0
6,1,0,0,3,1,6,0.523885125,0.362807797,0,0.96,1,0
6,1,0,0,4,5,9,0.618450136,0.44962988,0.777438344,0.907,0,0
6,1,0,0,4,5,9,0.907033511,0.547469237,0.772454753,0.907,0,0
6,1,0,0,4,5,9,0.686614597,0.55122935,0.709056075,0.907,0,0
6,1,0,0,4,5,9,0.203623672,0.507983186,0.857114686,0.907,0,0
6,1,0,0,4,5,6,0.703738709,0.493078285,0.658187148,0.96,0,0
6,1,0,0,4,5,9,0.618450136,0.44962988,0.777438344,0.907,0,0
6,1,0,0,4,5,9,0.907033511,0.547469237,0.772454753,0.907,0,0
6,1,0,0,4,5,9,0.686614597,0.55122935,0.709056075,0.907,0,0
6,1,0,0,4,5,9,0.203623672,0.507983186,0.857114686,0.907,0,0
6,1,0,0,5,6,4,1.131228103,0.659954055,0.681649066,0.907,1,0
6,1,0,0,5,6,6,0.713838277,0.700278978,0.707010457,0.907,0,0
6,1,0,0,5,6,8,0.439246598,0.432457419,0.648517139,0.907,0,0
6,1,0,0,5,6,6,0.736812993,0.61408587,0.623674735,0.907,0,0
6,1,0,0,5,6,8,0.832154913,0.487179476,0.947526362,0.907,0,0
6,1,0,0,5,6,6,1.123975611,0.645112893,0.686049616,0.96,0,0
6,1,0,0,5,6,6,0.713838277,0.700278978,0.707010457,0.907,0,0
6,1,0,0,5,6,8,0.439246598,0.432457419,0.648517139,0.907,0,0
6,1,0,0,5,6,6,0.736812993,0.61408587,0.623674735,0.907,0,0
6,1,0,0,5,6,8,0.832154913,0.487179476,0.947526362,0.907,0,0
6,1,0,0,6,2,6,0.678463298,0.421199684,0.17593247,0.96,1,0
6,1,0,0,6,2,8,0.853812715,0.503096184,0.17593247,0.907,0,0
6,1,0,0,7,1,8,0.870002347,0.46872952,0,0.96,1,0
0,5,3,0,0,1,1,0.548552692,0.548552692,0,0.96,1,0
0,5,3,0,1,1,1,0.57650455,0.343760279,0,0.96,1,0
9,5,8,4,0,5,8,0.240190622,0.240190622,0.47112107,0.855,1,1
9,5,8,4,0,5,11,0.338074794,0.338074794,0.398462288,0.855,0,0
9,5,8,4,0,5,6,0.271942359,0.271942359,0.450870735,0.855,0,0
9,5,8,4,0,5,9,0.321460588,0.321460588,0.498787316,0.855,0,0
9,5,8,4,0,5,11,0.348316027,0.348316027,0.40563882,0.96,0,0
9,5,8,4,0,5,11,0.338074794,0.338074794,0.398462288,0.855,0,0
9,5,8,4,0,5,6,0.271942359,0.271942359,0.450870735,0.855,0,0
9,5,8,4,0,5,9,0.321460588,0.321460588,0.498787316,0.855,0,0
9,5,8,4,1,2,6,0.535627985,0.187584878,0.15402638,0.855,0,0
9,5,8,4,1,2,11,0.682716782,0.337866154,0.15402638,0.96,0,0
9,5,8,4,1,2,6,0.535627985,0.187584878,0.15402638,0.855,0,0
9,5,8,4,2,1,9,0.523605727,0.360308938,0,0.96,0,0
9,5,8,4,3,6,8,0.438571831,0.180280648,0.276736148,0.855,0,0
9,5,8,4,3,6,9,0.095692399,0.266930496,0.422284963,0.855,0,0
9,5,8,4,3,6,9,0.496709376,0.388159273,0.541536624,0.855,0,0
9,5,8,4,3,6,9,0.486401005,0.241028606,0.297681764,0.855,0,0
9,5,8,4,3,6,9,0.473627014,0.271956803,0.320918825,0.855,0,0
9,5,8,4,3,6,11,0.585902168,0.230000477,0.38372641,0.96,0,0
9,5,8,4,3,6,8,0.438571831,0.180280648,0.276736148,0.855,0,0
9,5,8,4,3,6,9,0.095692399,0.266930496,0.422284963,0.855,0,0
9,5,8,4,3,6,9,0.496709376,0.388159273,0.541536624,0.855,0,0
9,5,8,4,3,6,9,0.486401005,0.241028606,0.297681764,0.855,0,0
9,5,8,4,3,6,9,0.473627014,0.271956803,0.320918825,0.855,0,0
9,5,8,4,4,3,9,0.090678807,0.319925438,0.356866159,0.96,1,0
9,5,8,4,4,3,6,0.099927379,0.315731196,0.358402803,0.855,0,0
9,5,8,4,4,3,4,0.576305757,0.357913959,0.668155269,0.855,0,0
3,2,1,1,0,2,4,0.568914799,0.568914799,0.998415049,0.96,1,0
3,2,1,1,0,2,6,0.430694363,0.430694363,0.998415049,0.894,0,0
3,2,1,1,1,3,2,0.986856807,0.438645559,0.461212576,0.894,0,0
3,2,1,1,1,3,6,0.824161736,0.56154699,0.782876105,0.894,0,0
3,2,1,1,1,3,4,0.993179708,0.428124302,0.422445749,0.96,0,0
3,2,1,1,1,3,2,0.986856807,0.438645559,0.461212576,0.894,0,0
3,2,1,1,1,3,6,0.824161736,0.56154699,0.782876105,0.894,0,0
10,4,2,2,0,3,1,0.471687767,0.471687767,0.480617323,0.868,1,1
10,4,2,2,0,3,1,0.456604565,0.456604565,0.474359085,0.96,1,1
10,4,2,2,0,3,4,0.467153902,0.467153902,0.926362243,0.868,0,0
10,4,2,2,0,3,1,0.471687767,0.471687767,0.480617323,0.868,1,1
10,4,2,2,1,1,4,0.732795747,0.552050101,0,0.96,1,0
10,4,2,2,2,2,4,0.79006644,0.473882601,0.083721596,0.868,1,0
10,4,2,2,2,2,4,0.748263134,0.496407319,0.083721596,0.96,1,0
10,4,2,2,3,2,2,0.739476603,0.429370219,0.193534096,0.868,1,0
10,4,2,2,3,2,4,0.71417278,0.540913014,0.193534096,0.96,1,0
10,4,2,2,4,1,4,1.012236655,0.473183282,0,0.96,1,0
10,4,2,2,5,1,4,0.818447469,0.345317252,0,0.96,1,0
10,4,2,2,6,1,4,0.092406551,0.343675114,0,0.96,1,0
7,2,0,0,0,5,6,0.56247949,0.56247949,0.768165034,0.96,1,0
7,2,0,0,0,5,6,0.459310916,0.459310916,0.69743768,0.894,0,0
7,2,0,0,0,5,4,0.501797784,0.501797784,0.772259674,0.894,0,0
7,2,0,0,0,5,6,0.473180276,0.473180276,0.725719646,0.894,0,0
7,2,0,0,0,5,6,0.59453072,0.59453072,0.829004178,0.894,0,0
7,2,0,0,1,4,2,0.638912548,0.515843588,0.904389665,0.894,1,0
7,2,0,0,1,4,6,0.847270525,0.472609694,0.637368114,0.894,0,0
7,2,0,0,1,4,4,0.115398646,0.461131796,0.697102239,0.894,0,0
7,2,0,0,1,4,6,0.845659345,0.595839151,0.677495968,0.96,0,0
7,2,0,0,1,4,6,0.847270525,0.472609694,0.637368114,0.894,0,0
7,2,0,0,1,4,4,0.115398646,0.461131796,0.697102239,0.894,0,0
7,2,0,0,2,3,6,0.774283483,0.417063312,0.468056756,0.894,1,0
7,2,0,0,2,3,4,0.210152493,0.449288157,0.812910238,0.894,0,0
7,2,0,0,2,3,6,0.902941545,0.621567303,0.550496157,0.96,0,0
7,2,0,0,2,3,4,0.210152493,0.449288157,0.812910238,0.894,0,0
9,0,1,0,0,10,6,0.532536018,0.532536018,0.475000425,0.92,1,0
9,0,1,0,0,10,9,0.609824707,0.609824707,0.521044299,0.92,0,0
9,0,1,0,0,10,11,0.586713385,0.586713385,0.51612029,0.92,0,0
9,0,1,0,0,10,11,0.533195272,0.533195272,0.476209481,0.92,0,0
9,0,1,0,0,10,11,0.385084765,0.385084765,0.618139849,0.92,0,0
9,0,1,0,0,10,11,0.520906015,0.520906015,0.816277027,0.92,0,0
9,0,1,0,0,10,9,0.341372651,0.341372651,0.578538138,0.92,0,0
9,0,1,0,0,10,9,0.584077071,0.584077071,0.948996366,0.92,0,0
9,0,1,0,0,10,11,0.519236354,0.519236354,0.472958689,0.92,0,0
9,0,1,0,0,10,11,0.49953343,0.49953343,0.651998089,0.96,0,0
9,0,1,0,0,10,9,0.609824707,0.609824707,0.521044299,0.92,0,0
9,0,1,0,0,10,11,0.586713385,0.586713385,0.51612029,0.92,0,0
9,0,1,0,0,10,11,0.533195272,0.533195272,0.476209481,0.92,0,0
9,0,1,0,0,10,11,0.385084765,0.385084765,0.618139849,0.92,0,0
9,0,1,0,0,10,11,0.520906015,0.520906015,0.816277027,0.92,0,0
9,0,1,0,0,10,9,0.341372651,0.341372651,0.578538138,0.92,0,0
9,0,1,0,0,10,9,0.584077071,0.584077071,0.948996366,0.92,0,0
9,0,1,0,0,10,11,0.519236354,0.519236354,0.472958689,0.92,0,0
9,0,1,0,1,4,8,0.014971127,0.504965369,0.650152377,0.92,0,0
9,0,1,0,1,4,6,0.150321962,0.441055394,0.605106586,0.92,0,0
9,0,1,0,1,4,9,0.973250538,0.476945769,0.686456019,0.92,0,0
9,0,1,0,1,4,11,0.82385062,0.324330985,0.583615345,0.96,0,0
9,0,1,0,1,4,8,0.014971127,0.504965369,0.650152377,0.92,0,0
9,0,1,0,1,4,6,0.150321962,0.441055394,0.605106586,0.92,0,0
9,0,1,0,1,4,9,0.973250538,0.476945769,0.686456019,0.92,0,0
9,0,1,0,2,2,11,0.754179314,0.643797181,1.132571521,0.96,1,0
9,0,1,0,2,2,11,0.518992604,0.490983912,1.132571521,0.92,0,0
9,0,1,0,3,1,9,0.115100757,0.536746212,0,0.96,1,0
4,11,12,4,0,4,6,0.223764003,0.223764003,0.34862834,0.96,1,1
4,11,12,4,0,4,4,0.195580363,0.195580363,0.256340901,0.777,0,0
4,11,12,4,0,4,8,0.126933847,0.126933847,0.198757223,0.777,0,0
4,11,12,4,0,4,8,0.155691069,0.155691069,0.215621876,0.777,0,0
4,11,12,4,1,1,8,0.052837539,0.244797335,0,0.96,1,1
4,11,12,4,2,2,6,0.278655135,0.186768901,0.057216285,0.96,1,1
4,11,12,4,2,2,8,0.327587973,0.191691772,0.057216285,0.777,0,0
4,11,12,4,3,1,8,0.041261497,0.148650978,0,0.96,1,1
4,11,12,4,4,3,4,0.02990475,0.129998864,0.155550909,0.96,1,1
4,11,12,4,4,3,6,0.215426641,0.090144294,0.206677949,0.777,0,0
4,11,12,4,4,3,6,0.081179977,0.173580241,0.157021129,0.777,0,0
4,11,12,4,5,3,6,0.081242937,0.205329738,0.280832241,0.777,1,1
4,11,12,4,5,3,8,0.210225195,0.219506132,0.321792829,0.96,1,0
4,11,12,4,5,3,8,0.243295193,0.153587025,0.331558266,0.777,0,0
4,11,12,4,6,1,4,0.249913236,0.161346831,0,0.96,1,1
2,5,2,2,0,4,0,0.308231328,0.308231328,0.473568181,0.855,1,1
2,5,2,2,0,4,0,0.53329209,0.53329209,0.778444686,0.855,1,0
2,5,2,2,0,4,0,0.479782462,0.479782462,0.775097566,0.96,1,0
2,5,2,2,0,4,0,0.430764763,0.430764763,0.523401805,0.855,0,0
2,5,2,2,1,2,0,0.603022407,0.536433889,0.563187876,0.96,1,0
2,5,2,2,1,2,0,0.042995363,0.44607041,0.563187876,0.855,0,0
3,1,0,0,0,1,1,0.501575213,0.501575213,0,0.96,1,0
3,1,0,0,1,6,0,0.967570424,0.492212146,0.690566413,0.96,1,0
3,1,0,0,1,6,1,0.236434661,0.700944813,0.985051859,0.907,0,0
3,1,0,0,1,6,0,0.940572138,0.446932637,0.71188924,0.907,0,0
3,1,0,0,1,6,1,0.630425157,0.631554187,0.54144332,0.907,0,0
3,1,0,0,1,6,1,0.722547545,0.573314721,0.528800255,0.907,0,0
3,1,0,0,1,6,0,0.573368744,0.588630058,0.52962555,0.907,0,0
5,12,15,6,0,2,6,0.04759806,0.04759806,0.108423999,0.96,1,1
5,12,15,6,0,2,8,0.093916334,0.093916334,0.108423999,0.764,0,0
5,12,15,6,1,8,2,0.131666464,0.092193999,0.179096562,0.96,1,1
5,12,15,6,1,8,8,0.117056335,0.118342897,0.075684961,0.764,0,0
5,12,15,6,1,8,8,0.014616178,0.060556775,0.121020483,0.764,0,0
5,12,15,6,1,8,8,0.111994332,0.116299043,0.073981064,0.764,0,0
5,12,15,6,1,8,8,0.100015961,0.106084334,0.073354763,0.764,0,0
5,12,15,6,1,8,6,0.176625444,0.137101342,0.14434439,0.764,0,0
5,12,15,6,1,8,8,0.110715596,0.116115736,0.074558802,0.764,0,0
5,12,15,6,1,8,8,0.096616986,0.083607017,0.076654931,0.764,0,0
5,12,15,6,2,1,6,0.124191052,0.039572715,0,0.96,1,1
5,12,15,6,3,2,2,0.146664998,0.140835347,0.144051007,0.96,1,1
5,12,15,6,3,2,8,0.141193408,0.103186981,0.144051007,0.764,0,0
5,12,15,6,4,2,8,0.172738666,0.078044358,0.153468489,0.96,1,1
5,12,15,6,4,2,2,0.02013792,0.126662498,0.153468489,0.764,0,0
5,12,15,6,5,1,6,0.135479438,0.116367176,0,0.96,1,1
5,12,15,6,6,2,8,0.153321708,0.071274578,0.015866426,0.764,1,1
5,12,15,6,6,2,4,0.137578546,0.063078667,0.015866426,0.96,1,1
5,12,15,6,6,2,8,0.153321708,0.071274578,0.015866426,0.764,1,1
5,12,15,6,7,1,4,0.033734426,0.05964104,0,0.96,1,1
3,1,0,0,0,4,1,0.420002209,0.420002209,0.504004297,0.96,1,0
3,1,0,0,0,4,2,0.544628889,0.544628889,0.504685276,0.907,0,0
3,1,0,0,0,4,1,0.61566163,0.61566163,0.588132649,0.907,0,0
3,1,0,0,0,4,1,0.486802404,0.486802404,0.614049144,0.907,0,0
3,1,0,0,1,2,1,0.752316282,0.542633512,0.059903391,0.96,1,0
3,1,0,0,1,2,1,0.716297672,0.486051211,0.059903391,0.907,0,0
5,6,8,2,0,3,1,0.33658589,0.33658589,0.539603749,0.96,1,1
5,6,8,2,0,3,6,0.310760416,0.310760416,0.550352701,0.842,0,0
5,6,8,2,0,3,1,0.329832006,0.329832006,0.444324616,0.842,0,0
5,6,8,2,1,3,6,0.134451407,0.211215337,0.356089982,0.96,1,0
5,6,8,2,1,3,4,0.671150612,0.336001538,0.626945346,0.842,0,0
5,6,8,2,1,3,6,0.037884138,0.371552343,0.435991607,0.842,0,0
2,9,4,2,0,2,0,0.518879787,0.518879787,0.604053852,0.96,1,0
2,9,4,2,0,2,1,0.456525757,0.456525757,0.604053852,0.803,0,0
2,9,4,2,1,1,2,0.895290288,0.377942829,0,0.96,1,0
2,9,4,2,2,2,1,0.666855678,0.456160122,0.746397357,0.803,1,1
2,9,4,2,2,2,2,0.432220494,0.290947025,0.746397357,0.96,1,0
2,9,4,2,3,1,0,0.458608159,0.357625891,0,0.96,1,1
2,9,4,2,4,1,1,0.515902672,0.383243316,0,0.96,1,1
11,0,1,0,0,1,9,0.556614466,0.556614466,0,0.96,1,0
11,0,1,0,1,1,9,1.219192202,0.664916971,0,0.96,0,0
11,0,1,0,2,4,11,0.722903872,0.549643853,0.677055243,0.92,0,0
11,0,1,0,2,4,11,0.907597322,0.568635169,0.639293276,0.92,0,0
11,0,1,0,2,4,11,1.232620586,0.57027692,0.773946015,0.92,0,0
11,0,1,0,2,4,11,0.790146315,0.417408257,0.895424464,0.96,0,0
11,0,1,0,2,4,11,0.722903872,0.549643853,0.677055243,0.92,0,0
11,0,1,0,2,4,11,0.907597322,0.568635169,0.639293276,0.92,0,0
11,0,1,0,2,4,11,1.232620586,0.57027692,0.773946015,0.92,0,0
11,0,1,0,3,3,11,0.687455331,0.566329055,0.462483396,0.92,0,0
11,0,1,0,3,3,11,0.618237971,0.48605566,0.433650024,0.92,0,0
11,0,1,0,3,3,11,0.233746897,0.651149848,0.815005341,0.96,0,0
11,0,1,0,3,3,11,0.687455331,0.566329055,0.462483396,0.92,0,0
11,0,1,0,3,3,11,0.618237971,0.48605566,0.433650024,0.92,0,0
11,0,1,0,4,5,11,0.671494956,0.461025565,0.595382844,0.92,1,0
11,0,1,0,4,5,9,1.069955555,0.419125294,0.424509794,0.92,0,0
11,0,1,0,4,5,9,0.992219064,0.34107373,0.408684246,0.92,0,0
11,0,1,0,4,5,11,1.118535484,0.482295297,0.530767922,0.92,0,0
11,0,1,0,4,5,11,0.852137145,0.598601157,0.634252206,0.96,0,0
11,0,1,0,4,5,9,1.069955555,0.419125294,0.424509794,0.92,0,0
11,0,1,0,4,5,9,0.992219064,0.34107373,0.408684246,0.92,0,0
11,0,1,0,4,5,11,1.118535484,0.482295297,0.530767922,0.92,0,0
11,0,1,0,5,4,9,0.812856417,0.522650039,0.950250473,0.92,1,0
11,0,1,0,5,4,11,0.777616809,0.595928806,0.68963662,0.92,0,0
11,0,1,0,5,4,9,0.12122041,0.572668419,0.787700885,0.92,0,0
11,0,1,0,5,4,9,0.747347547,0.498356421,0.643200041,0.96,0,0
11,0,1,0,5,4,11,0.777616809,0.595928806,0.68963662,0.92,0,0
11,0,1,0,5,4,9,0.12122041,0.572668419,0.787700885,0.92,0,0
4,15,3,3,0,4,4,0.520169384,0.520169384,0.699929914,0.725,1,0
4,15,3,3,0,4,6,0.55227742,0.55227742,0.724640285,0.96,1,0
4,15,3,3,0,4,4,0.519052389,0.519052389,0.725989308,0.725,0,0
4,15,3,3,0,4,4,0.520169384,0.520169384,0.699929914,0.725,1,0
4,15,3,3,0,4,6,0.495656415,0.495656415,0.716259295,0.725,0,0
4,15,3,3,1,1,4,0.965132486,0.423126919,0,0.96,1,1
4,15,3,3,2,1,6,0.764468437,0.545386605,0,0.96,1,1
4,15,3,3,3,2,1,0.689669497,0.439131733,0.824975738,0.96,1,1
4,15,3,3,3,2,6,0.661652736,0.386114732,0.824975738,0.725,0,0
5,2,3,1,0,2,1,0.420535001,0.420535001,0.741778565,0.96,1,0
5,2,3,1,0,2,2,0.49120475,0.49120475,0.741778565,0.894,0,0
5,2,3,1,1,2,1,1.045556198,0.630499689,1.063820533,0.894,1,0
5,2,3,1,1,2,2,0.143969404,0.435420457,1.063820533,0.96,1,0
5,2,3,1,2,2,2,0.148325454,0.400647802,0.825537513,0.96,1,0
5,2,3,1,2,2,1,0.852273028,0.425337562,0.825537513,0.894,0,0
5,2,3,1,3,3,1,0.694853906,0.41691731,0.498480368,0.96,1,0
5,2,3,1,3,3,1,0.588385624,0.397369104,0.789484607,0.894,0,0
5,2,3,1,3,3,2,0.545441072,0.397706146,0.504027902,0.894,0,0
5,2,3,1,4,1,2,0.123292565,0.399101424,0,0.96,1,0
2,3,1,0,0,2,0,0.532544763,0.532544763,0.142051267,0.881,1,0
2,3,1,0,0,2,0,0.498941935,0.498941935,0.142051267,0.96,1,0
2,3,1,0,1,2,0,0.626298517,0.403515409,0.846185771,0.96,1,0
2,3,1,0,1,2,0,0.647527677,0.443922085,0.846185771,0.881,0,0
15,0,1,0,0,3,4,0.557077251,0.557077251,0.429471265,0.96,1,0
15,0,1,0,0,3,4,0.489699449,0.489699449,0.3689045,0.92,0,0
15,0,1,0,0,3,4,0.514572617,0.514572617,0.676180773,0.92,0,0
15,0,1,0,1,5,4,0.851261534,0.62017737,0.74370168,0.92,0,0
15,0,1,0,1,5,4,1.165371781,0.612225569,0.701257662,0.92,0,0
15,0,1,0,1,5,4,0.688925593,0.318317212,0.569672436,0.92,0,0
15,0,1,0,1,5,2,1.058230448,0.509700612,0.647219382,0.92,0,0
15,0,1,0,1,5,4,0.112697781,0.484911918,0.895559882,0.96,0,0
15,0,1,0,1,5,4,0.851261534,0.62017737,0.74370168,0.92,0,0
15,0,1,0,1,5,4,1.165371781,0.612225569,0.701257662,0.92,0,0
15,0,1,0,1,5,4,0.688925593,0.318317212,0.569672436,0.92,0,0
15,0,1,0,1,5,2,1.058230448,0.509700612,0.647219382,0.92,0,0
0,9,3,3,0,1,0,0.52023351,0.52023351,0,0.96,1,1
0,9,3,3,1,1,0,0.024556976,0.541683951,0,0.96,1,0
1,7,7,3,0,1,0,0.346362978,0.346362978,0,0.96,1,1
1,7,7,3,1,1,0,0.418639542,0.165453211,0,0.96,1,1
4,4,3,2,0,3,2,0.478268647,0.478268647,0.874859732,0.868,1,0
4,4,3,2,0,3,1,0.482849766,0.482849766,0.742623511,0.868,1,0
4,4,3,2,0,3,1,0.481208019,0.481208019,0.806552349,0.96,0,0
4,4,3,2,1,3,1,0.619061363,0.387237752,0.417189883,0.868,1,0
4,4,3,2,1,3,2,0.728909711,0.387704719,0.3732957,0.96,1,0
4,4,3,2,1,3,2,0.828238534,0.383117834,0.633710721,0.868,0,0
4,4,3,2,2,2,2,0.188720569,0.546321797,0.109371599,0.868,1,0
4,4,3,2,2,2,1,0.218676362,0.50679824,0.109371599,0.96,1,0
4,4,3,2,3,3,2,0.188087779,0.323976235,0.052258554,0.96,1,0
4,4,3,2,3,3,1,0.216431207,0.310583949,0.031907972,0.868,0,0
4,4,3,2,3,3,1,0.232171429,0.30797903,0.043354954,0.868,0,0
15,3,15,5,0,2,4,0.106488142,0.106488142,0.103293068,0.881,1,1
15,3,15,5,0,2,4,0.124183236,0.124183236,0.103293068,0.96,1,0
15,3,15,5,1,1,6,0.144138038,0.114908248,0,0.96,1,1
15,3,15,5,2,2,9,0.132473656,0.051028651,0.153133196,0.881,1,1
15,3,15,5,2,2,9,0.126037326,0.10272489,0.153133196,0.96,1,0
15,3,15,5,3,1,11,0.004960049,0.098115394,0,0.96,1,0
15,3,15,5,4,1,11,0.159887664,0.061951739,0,0.96,1,0
15,3,15,5,5,2,8,0.101764509,0.07816483,0.183096562,0.881,1,1
15,3,15,5,5,2,4,0.128556865,0.105516254,0.183096562,0.96,1,0
15,3,15,5,6,2,6,0.156885309,0.066906207,0.092102983,0.881,1,0
15,3,15,5,7,1,6,0.027579925,0.138588384,0,0.96,1,1
15,3,15,5,6,2,11,0.129889675,0.111020039,0.092102983,0.96,0,0
15,3,15,5,8,3,6,0.148311155,0.107113712,0.122394465,0.96,1,0
15,3,15,5,8,3,4,0.177616944,0.039188421,0.06775865,0.881,0,0
15,3,15,5,8,3,6,0.190779267,0.05298744,0.069191388,0.881,0,0
15,3,15,5,9,1,8,0.143525356,0.139815393,0,0.96,1,0
15,3,15,5,10,1,6,0.142519055,0.092770243,0,0.96,1,0
15,3,15,5,11,3,4,0.130955897,0.057899566,0.02814732,0.96,1,1
15,3,15,5,11,3,6,0.149504348,0.075229332,0.019956422,0.881,0,0
15,3,15,5,11,3,11,0.163595251,0.095218082,0.029224268,0.881,0,0
15,3,15,5,12,1,11,0.137410126,0.109249031,0,0.96,1,0
15,3,15,5,13,2,1,0.050423012,0.116778801,0.051726004,0.96,1,1
15,3,15,5,13,2,11,0.007892472,0.10147266,0.051726004,0.881,0,0
15,3,15,5,14,2,8,0.042757366,0.08043443,0.142663978,0.96,1,1
15,3,15,5,14,2,9,0.185288397,0.088204936,0.142663978,0.881,0,0
15,3,15,5,15,1,9,0.153979841,0.077373457,0,0.96,1,1
15,3,15,5,16,3,6,0.163280148,0.08945695,0.164021626,0.96,1,0
15,3,15,5,16,3,9,0.046242876,0.12067112,0.16863763,0.881,0,0
15,3,15,5,16,3,11,0.126481952,0.113897549,0.131187253,0.881,0,0
3,1,0,0,0,2,1,0.457360769,0.457360769,0.142962088,0.907,1,0
3,1,0,0,0,2,1,0.555289706,0.555289706,0.142962088,0.96,1,0
3,1,0,0,1,1,1,0.824337213,0.30184738,0,0.96,1,0
3,1,0,0,2,2,1,0.628870732,0.447177628,0.936541867,0.907,1,0
3,1,0,0,2,2,1,0.605756137,0.512388336,0.936541867,0.96,1,0
3,1,0,0,3,3,1,0.831512209,0.518954209,1.01321658,0.907,1,0
3,1,0,0,3,3,1,0.639924516,0.494058334,0.511928965,0.907,1,0
3,1,0,0,3,3,1,0.651711517,0.498365495,0.513710856,0.96,1,0
3,1,0,0,3,3,1,0.639924516,0.494058334,0.511928965,0.907,1,0
11,1,2,1,0,1,4,0.442896628,0.442896628,0,0.96,1,0
11,1,2,1,1,3,8,0.819417256,0.376524014,0.744523242,0.907,1,0
11,1,2,1,1,3,9,0.526087016,0.482040618,0.664341131,0.907,0,0
11,1,2,1,1,3,8,0.138186357,0.414104628,0.700919799,0.96,0,0
11,1,2,1,1,3,9,0.526087016,0.482040618,0.664341131,0.907,0,0
11,1,2,1,2,1,9,0.851710071,0.437928651,0,0.96,1,0
11,1,2,1,3,1,6,0.668134175,0.376686319,0,0.96,1,0
11,1,2,1,4,1,8,0.640028587,0.481506474,0,0.96,1,0
11,1,2,1,5,2,9,0.871951704,0.39840972,0.074046345,0.96,1,0
11,1,2,1,5,2,9,0.843411159,0.362926615,0.074046345,0.907,0,0
11,1,2,1,6,1,9,0.772050093,0.383708235,0,0.96,1,0
11,1,2,1,7,3,9,0.566837786,0.418960549,0.699404441,0.96,1,0
11,1,2,1,7,3,9,0.903318402,0.521703895,0.440481867,0.907,0,0
11,1,2,1,7,3,6,0.978702085,0.59697925,0.425991888,0.907,0,0
11,1,2,1,8,2,9,0.878518138,0.460472927,0.108741819,0.96,1,0
11,1,2,1,8,2,8,0.938946806,0.520997807,0.108741819,0.907,0,0
11,1,2,1,9,2,9,0.205924312,0.509229963,0.605769737,0.907,1,0
11,1,2,1,9,2,9,0.719483764,0.488237495,0.605769737,0.96,1,0
11,1,2,1,10,2,8,0.061460688,0.445880375,0.724164119,0.907,1,0
11,1,2,1,10,2,8,0.726784606,0.483747462,0.724164119,0.96,1,0
11,1,2,1,11,1,9,0.799008012,0.602256728,0,0.96,1,0
11,1,2,1,12,2,9,1.02511025,0.437743639,0.969441992,0.96,1,0
11,1,2,1,12,2,9,0.089062105,0.538315429,0.969441992,0.907,0,0
10,8,8,3,0,1,0,0.230218576,0.230218576,0,0.96,1,1
10,8,8,3,1,3,6,0.111987014,0.284579136,0.511406065,0.816,1,0
10,8,8,3,2,4,1,0.065773668,0.299770136,0.345288287,0.816,1,1
10,8,8,3,1,3,6,0.367739845,0.298638555,0.426590631,0.96,1,0
10,8,8,3,1,3,4,0.495017019,0.26637805,0.46266591,0.816,0,0
10,8,8,3,2,4,6,0.082223028,0.227806359,0.300002322,0.96,1,1
10,8,8,3,2,4,6,0.522092433,0.236668943,0.425539927,0.816,0,0
10,8,8,3,2,4,4,0.426360466,0.211260051,0.388194744,0.816,0,0
10,8,8,3,3,1,6,0.071562317,0.299366658,0,0.96,1,0
10,8,8,3,4,4,6,0.516329531,0.296404331,0.385010552,0.816,1,1
10,8,8,3,4,4,4,0.398992884,0.362499517,0.554465071,0.96,1,0
10,8,8,3,4,4,1,0.452529942,0.265398923,0.382378803,0.816,0,0
10,8,8,3,4,4,4,0.553711227,0.281563582,0.417599169,0.816,0,0
10,8,8,3,5,1,1,0.479019421,0.258585305,0,0.96,1,1
10,8,8,3,6,1,1,0.087913115,0.284676275,0,0.96,1,1
10,8,8,3,7,1,4,0.388644697,0.258275847,0,0.96,1,1
10,8,8,3,8,1,1,0.482878499,0.236696319,0,0.96,1,1
10,8,8,3,9,1,1,0.629099193,0.405322206,0,0.96,1,1
10,8,8,3,10,2,4,0.137091432,0.338142025,0.51293593,0.96,1,0
10,8,8,3,10,2,4,0.490639813,0.314887662,0.51293593,0.816,0,0
10,8,8,3,11,3,1,0.132559338,0.333854906,0.431945267,0.96,1,0
10,8,8,3,11,3,4,0.407852193,0.250068349,0.339220077,0.816,0,0
10,8,8,3,11,3,4,0.555534284,0.218520946,0.4549687,0.816,0,0
9,0,1,0,0,2,4,0.679259317,0.679259317,0.078092967,0.96,1,0
9,0,1,0,0,2,2,0.605481305,0.605481305,0.078092967,0.92,0,0
9,0,1,0,1,1,4,0.942404526,0.490540265,0,0.96,1,0
13,10,9,7,0,1,8,0.329746547,0.329746547,0,0.96,1,1
13,10,9,7,1,9,9,0.086270184,0.243899706,0.322439554,0.96,1,0
13,10,9,7,1,9,8,0.06929996,0.263499787,0.332949144,0.79,0,0
13,10,9,7,1,9,9,0.016815838,0.314200462,0.36774265,0.79,0,0
13,10,9,7,1,9,9,0.620009209,0.298939267,0.414287349,0.79,0,0
13,10,9,7,1,9,9,0.394444088,0.212384091,0.370308969,0.79,0,0
13,10,9,7,1,9,8,0.602471599,0.280773782,0.40114793,0.79,0,0
13,10,9,7,1,9,9,0.361379954,0.25289318,0.348747137,0.79,0,0
13,10,9,7,1,9,9,0.443446167,0.352351915,0.418445778,0.79,0,0
13,10,9,7,1,9,8,0.474598539,0.246385609,0.400172916,0.79,0,0
11,0,0,0,0,4,9,0.628377389,0.628377389,0.459220369,0.92,0,0
11,0,0,0,0,4,8,0.571219076,0.571219076,1.150005953,0.92,0,0
11,0,0,0,0,4,9,0.577109195,0.577109195,0.441981475,0.92,0,0
11,0,0,0,0,4,4,0.538663259,0.538663259,0.443029647,0.96,0,0
11,0,0,0,0,4,9,0.628377389,0.628377389,0.459220369,0.92,0,0
11,0,0,0,0,4,8,0.571219076,0.571219076,1.150005953,0.92,0,0
11,0,0,0,0,4,9,0.577109195,0.577109195,0.441981475,0.92,0,0
11,0,0,0,1,3,1,1.100589842,0.567854092,0.19704764,0.92,1,0
11,0,0,0,1,3,4,1.106824976,0.577081995,0.19944012,0.92,0,0
11,0,0,0,1,3,4,1.13003812,0.591423818,0.135089888,0.96,0,0
11,0,0,0,1,3,4,1.106824976,0.577081995,0.19944012,0.92,0,0
11,0,0,0,1,3,1,1.100589842,0.567854092,0.19704764,0.92,1,0
11,0,0,0,2,1,4,0.907859378,0.516588631,0,0.96,1,0
11,0,0,0,3,1,6,0.635792537,0.412954532,0,0.96,1,0
11,0,0,0,4,1,6,0.646534558,0.622040929,0,0.96,1,0
11,0,0,0,5,1,4,0.031602287,0.633158652,0,0.96,1,0
11,0,0,0,6,3,2,0.947449294,0.566230103,0.460649876,0.92,1,0
11,0,0,0,6,3,6,0.871759077,0.495176674,0.421777704,0.96,1,0
11,0,0,0,6,3,6,0.141597163,0.49192964,0.803341209,0.92,0,0
11,0,0,0,7,3,8,0.762834499,0.506600891,0.628805294,0.92,1,0
11,0,0,0,7,3,9,0.062947305,0.460979131,0.822122712,0.92,0,0
11,0,0,0,7,3,8,0.984196499,0.495847902,0.749280515,0.96,0,0
11,0,0,0,7,3,9,0.062947305,0.460979131,0.822122712,0.92,0,0
11,0,0,0,8,1,9,1.10458158,0.61946956,0,0.96,1,0
11,0,0,0,9,1,9,1.30163646,0.682486919,0,0.96,1,0
11,0,0,0,10,2,9,1.058276911,0.375790275,0.14880739,0.96,1,0
11,0,0,0,10,2,9,1.186860552,0.507889834,0.14880739,0.92,0,0
11,0,0,0,11,1,9,0.236385153,0.606546976,0,0.96,1,0
9,10,6,5,0,1,6,0.471740104,0.471740104,0,0.96,1,0
9,10,6,5,1,2,8,0.569850204,0.284736326,0.526223774,0.96,1,1
9,10,6,5,1,2,6,0.135534727,0.368570644,0.526223774,0.79,0,0
9,10,6,5,2,2,6,0.549352312,0.460456151,0.114692972,0.96,1,1
9,10,6,5,2,2,6,0.436385726,0.37991406,0.114692972,0.79,0,0
9,10,6,5,3,2,4,0.556991357,0.336117652,0.480027343,0.96,1,1
9,10,6,5,3,2,6,0.086289173,0.376583691,0.480027343,0.79,0,0
9,10,6,5,4,2,8,0.385067014,0.34731647,0.621149171,0.96,1,0
9,10,6,5,4,2,4,0.708383885,0.373769246,0.621149171,0.79,0,0
9,10,6,5,5,1,4,0.425097811,0.400272868,0,0.96,1,0
9,10,6,5,6,2,6,0.52361792,0.415833635,0.453473248,0.96,1,1
9,10,6,5,6,2,6,0.074467369,0.380777696,0.453473248,0.79,0,0
9,10,6,5,7,1,8,0.101466693,0.333660863,0,0.96,1,1
11,8,15,3,0,2,8,0.093026019,0.093026019,0.13385568,0.96,1,1
11,8,15,3,0,2,9,0.110639092,0.110639092,0.13385568,0.816,0,0
11,8,15,3,1,2,9,0.190109793,0.102277129,0.02982356,0.96,1,1
11,8,15,3,1,2,8,0.171127434,0.079434848,0.02982356,0.816,0,0
11,8,15,3,2,2,6,0.035688658,0.082141199,0.140966423,0.96,1,1
11,8,15,3,2,2,4,0.171066368,0.08002101,0.140966423,0.816,0,0
11,8,15,3,3,4,4,0.156585349,0.166468344,0.150561289,0.96,1,0
11,8,15,3,3,4,9,0.127106861,0.12407301,0.122042249,0.816,0,0
11,8,15,3,3,4,9,0.125566982,0.050507267,0.138062084,0.816,0,0
11,8,15,3,3,4,4,0.092346119,0.030254053,0.128176233,0.816,0,0
11,8,15,3,4,4,9,0.261650928,0.095945425,0.145458744,0.96,1,0
11,8,15,3,4,4,6,0.220624303,0.054748293,0.127819996,0.816,0,0
11,8,15,3,4,4,8,0.050372353,0.121625156,0.169061718,0.816,0,0
11,8,15,3,4,4,4,0.161594242,0.122527765,0.149861611,0.816,0,0
11,8,15,3,5,1,9,0.049160865,0.047020638,0,0.96,1,1
4,3,2,1,0,1,1,0.421958997,0.421958997,0,0.96,1,0
4,3,2,1,1,1,4,0.042986933,0.431847282,0,0.96,1,1
4,3,2,1,2,1,1,0.831339446,0.549272717,0,0.96,1,0
4,3,2,1,3,3,1,0.987209138,0.438319999,0.709244189,0.96,1,0
4,3,2,1,3,3,2,0.638223733,0.314370648,0.557489354,0.881,0,0
4,3,2,1,3,3,4,0.125422535,0.43429477,0.718112897,0.881,0,0
4,3,2,1,4,3,2,1.036887269,0.598957334,0.762368958,0.96,1,0
4,3,2,1,4,3,1,0.855961734,0.685999211,0.566166841,0.881,0,0
4,3,2,1,4,3,1,0.763139459,0.484880096,0.445814539,0.881,0,0
3,9,3,4,0,1,1,0.351723644,0.351723644,0,0.96,1,1
3,9,3,4,1,1,1,0.475092518,0.379892432,0,0.96,1,1
3,9,3,4,2,1,1,0.572393818,0.471514716,0,0.96,1,1
4,4,1,0,0,2,1,0.396993483,0.396993483,1.015917033,0.868,1,0
4,4,1,0,0,2,4,0.628251402,0.628251402,1.015917033,0.96,1,0
4,4,1,0,1,1,1,0.865333625,0.676326992,0,0.96,1,0
4,4,1,0,2,4,1,1.280551577,0.607110124,0.639920422,0.868,1,0
4,4,1,0,2,4,2,1.133581535,0.464008803,0.568989959,0.868,0,0
4,4,1,0,2,4,4,0.9430721,0.532932712,0.737564434,0.868,0,0
4,4,1,0,2,4,1,0.290008355,0.386367699,0.852738971,0.96,0,0
4,4,1,0,2,4,2,1.133581535,0.464008803,0.568989959,0.868,0,0
4,4,1,0,2,4,4,0.9430721,0.532932712,0.737564434,0.868,0,0
4,4,1,0,3,1,4,0.520165908,0.479516016,0,0.96,1,0
4,4,1,0,4,1,2,0.536558782,0.49933681,0,0.96,1,0
4,4,1,0,5,2,2,0.084443793,0.556972975,0.900582115,0.96,1,0
4,4,1,0,5,2,2,0.818946835,0.498812852,0.900582115,0.868,0,0
4,4,1,0,6,1,2,0.851219408,0.498277884,0,0.96,1,0
4,4,1,0,7,1,1,0.797654905,0.580118244,0,0.96,1,0
6,3,2,0,0,2,2,0.466345043,0.466345043,0.592836098,0.881,1,0
6,3,2,0,0,2,4,0.399295197,0.399295197,0.592836098,0.96,1,0
6,3,2,0,1,1,0,0.540271127,0.40456825,0,0.96,1,0
6,3,2,0,2,1,2,0.68643755,0.550761488,0,0.96,1,0
6,3,2,0,3,2,4,0.703925536,0.48960908,0.748030819,0.96,1,0
6,3,2,0,3,2,1,0.053708529,0.604013461,0.748030819,0.881,0,0
6,3,2,0,4,2,4,0.785668569,0.63186578,0.196700962,0.96,1,0
6,3,2,0,4,2,4,0.589119525,0.488166916,0.196700962,0.881,0,0
6,3,2,0,5,1,4,1.030930975,0.40660657,0,0.96,1,0
6,3,2,0,6,3,2,0.569426847,0.524590306,0.772011604,0.881,1,0
6,3,2,0,6,3,1,0.29921863,0.435307316,0.500182009,0.881,0,0
6,3,2,0,6,3,1,0.162566008,0.481996593,0.458349481,0.96,0,0
6,3,2,0,6,3,1,0.29921863,0.435307316,0.500182009,0.881,0,0
4,13,9,5,0,1,6,0.184008211,0.184008211,0,0.96,1,1
4,13,9,5,1,1,6,0.063010104,0.124427006,0,0.96,1,1
1,9,6,4,0,1,0,0.309178239,0.309178239,0,0.96,1,1
1,9,6,4,1,1,1,0.411664554,0.317527553,0,0.96,1,1
4,0,0,0,0,1,4,0.399062614,0.399062614,0,0.96,1,0
4,0,0,0,1,4,1,0.807832907,0.408946341,0.510101167,0.92,1,0
4,0,0,0,1,4,4,0.897965144,0.507487285,0.62515608,0.92,0,0
4,0,0,0,1,4,4,0.632475427,0.52600882,0.549793142,0.92,0,0
4,0,0,0,1,4,4,0.743626132,0.592912763,0.547554703,0.96,0,0
4,0,0,0,1,4,4,0.897965144,0.507487285,0.62515608,0.92,0,0
4,0,0,0,1,4,4,0.632475427,0.52600882,0.549793142,0.92,0,0
10,0,0,0,0,1,6,0.549628767,0.549628767,0,0.96,1,0
10,0,0,0,1,1,6,0.783132924,0.549693329,0,0.96,1,0
10,0,0,0,2,1,6,0.138509619,0.632559979,0,0.96,1,0
10,0,0,0,3,5,4,0.802185832,0.622468413,0.760785629,0.92,0,0
10,0,0,0,3,5,6,1.173574576,0.542208671,0.834930331,0.92,0,0
10,0,0,0,3,5,6,0.918490962,0.502426045,0.929459345,0.92,0,0
10,0,0,0,3,5,4,0.952734284,0.586870153,0.729482332,0.92,0,0
10,0,0,0,3,5,6,0.03427544,0.613384192,0.952028093,0.96,0,0
10,0,0,0,3,5,4,0.802185832,0.622468413,0.760785629,0.92,0,0
10,0,0,0,3,5,6,1.173574576,0.542208671,0.834930331,0.92,0,0
10,0,0,0,3,5,6,0.918490962,0.502426045,0.929459345,0.92,0,0
10,0,0,0,3,5,4,0.952734284,0.586870153,0.729482332,0.92,0,0
10,0,0,0,4,2,1,0.193818461,0.565864869,1.137632063,0.92,1,0
10,0,0,0,4,2,4,1.201131765,0.587774148,1.137632063,0.96,0,0
10,0,0,0,5,4,6,0.671863225,0.441477151,0.984265751,0.96,1,0
10,0,0,0,5,4,4,0.837257853,0.661185688,0.658747305,0.92,0,0
10,0,0,0,5,4,6,0.798893089,0.569128914,0.600028665,0.92,0,0
10,0,0,0,5,4,6,1.137606368,0.561926886,0.779056627,0.92,0,0
1,1,0,0,0,4,2,0.540245387,0.540245387,0.736135522,0.907,1,0
1,1,0,0,0,4,2,0.477481815,0.477481815,0.712789462,0.907,1,0
1,1,0,0,0,4,4,0.567595582,0.567595582,0.807929527,0.907,0,0
1,1,0,0,0,4,2,0.602593293,0.602593293,0.913034457,0.96,0,0
1,1,0,0,0,4,4,0.567595582,0.567595582,0.807929527,0.907,0,0
1,1,0,0,1,3,1,0.857632132,0.401541805,0.890685401,0.907,1,0
1,1,0,0,1,3,4,0.717546344,0.618178662,0.648814141,0.96,1,0
1,1,0,0,1,3,4,0.511775097,0.363554939,0.522068353,0.907,0,0
1,1,0,0,1,3,4,0.511775097,0.363554939,0.522068353,0.907,0,0
11,7,1,0,0,2,8,0.476153194,0.476153194,0.797129566,0.96,1,0
11,7,1,0,0,2,6,0.517160534,0.517160534,0.797129566,0.829,0,0
11,7,1,0,1,1,8,0.184484836,0.589409071,0,0.96,1,0
11,7,1,0,2,1,1,1.139690089,0.568288277,0,0.96,1,0
11,7,1,0,3,1,6,0.684053318,0.603185394,0,0.96,1,0
11,7,1,0,4,2,8,0.925361232,0.505065373,0.920598978,0.96,1,0
11,7,1,0,4,2,8,0.096473433,0.552032172,0.920598978,0.829,0,0
11,7,1,0,5,4,8,0.199395542,0.605238121,0.77528169,0.96,1,0
11,7,1,0,5,4,6,0.350930413,0.507593333,0.680143922,0.829,0,0
11,7,1,0,5,4,6,0.974932005,0.469867461,0.673893985,0.829,0,0
11,7,1,0,5,4,8,0.93492293,0.429968227,0.650612499,0.829,0,0
11,7,1,0,6,5,8,0.041027872,0.612230375,0.625086717,0.96,1,0
11,7,1,0,6,5,8,0.146555947,0.477108762,0.564578385,0.829,0,0
11,7,1,0,6,5,6,0.778499707,0.384247413,0.649607954,0.829,0,0
11,7,1,0,6,5,6,0.817263395,0.585904043,0.72562612,0.829,0,0
11,7,1,0,6,5,6,0.737852576,0.510783879,0.839116894,0.829,0,0
11,7,1,0,7,3,4,0.77315742,0.553250951,0.381807767,0.96,1,0
11,7,1,0,7,3,6,0.879157214,0.583050016,0.346111313,0.829,0,0
11,7,1,0,7,3,4,1.098648235,0.507667918,0.608167113,0.829,0,0
4,8,6,3,0,1,1,0.310988096,0.310988096,0,0.96,1,1
4,8,6,3,1,2,0,0.107980563,0.307957987,0.598443068,0.816,1,1
4,8,6,3,1,2,1,0.535015158,0.373857443,0.598443068,0.96,1,0
0,5,4,2,0,1,0,0.38024927,0.38024927,0,0.96,1,1
0,5,4,2,1,2,0,0.527424632,0.333210511,0.726080632,0.96,1,1
0,5,4,2,1,2,0,0.950634498,0.580402546,0.726080632,0.855,0,0
0,3,3,2,0,3,1,0.576369367,0.576369367,0.605008884,0.96,1,0
0,3,3,2,0,3,1,0.421101023,0.421101023,0.529847072,0.881,0,0
0,3,3,2,0,3,2,0.485850682,0.485850682,0.976682976,0.881,0,0
0,3,3,2,1,2,1,0.739690662,0.431132087,0.949344474,0.881,1,1
0,3,3,2,1,2,1,0.751179021,0.518213172,0.949344474,0.96,1,0
9,9,9,3,0,1,4,0.221779053,0.221779053,0,0.96,1,1
9,9,9,3,1,2,4,0.015716313,0.218573724,0.419357565,0.96,1,1
9,9,9,3,1,2,9,0.409425141,0.324483255,0.419357565,0.803,0,0
9,9,9,3,2,1,6,0.347839466,0.254204874,0,0.96,1,1
9,9,9,3,3,1,9,0.110904091,0.157234889,0,0.96,1,1
3,3,2,1,0,3,4,0.38652126,0.38652126,0.692845226,0.96,1,0
3,3,2,1,0,3,4,0.427516122,0.427516122,0.738751526,0.881,0,0
3,3,2,1,0,3,4,0.420091821,0.420091821,0.626394552,0.881,0,0
3,3,2,1,1,1,4,1.006940431,0.62500816,0,0.96,1,0
3,3,2,1,2,1,4,0.127960346,0.526040224,0,0.96,1,0
5,12,8,6,0,1,6,0.215156056,0.215156056,0,0.96,1,1
5,12,8,6,1,4,6,0.282924924,0.216959956,0.304296476,0.96,1,1
5,12,8,6,1,4,6,0.40921001,0.330754904,0.343237877,0.764,0,0
5,12,8,6,1,4,2,0.615481744,0.404701906,0.516476358,0.764,0,0
5,12,8,6,1,4,6,0.06718174,0.277010192,0.498542066,0.764,0,0
10,8,8,7,0,3,9,0.18203983,0.18203983,0.401139431,0.816,1,0
10,8,8,7,0,3,8,0.291907691,0.291907691,0.340913297,0.816,1,0
10,8,8,7,0,3,11,0.267077476,0.267077476,0.385544952,0.96,0,0
10,8,8,7,1,4,9,0.379216554,0.335391461,0.367632956,0.816,0,0
10,8,8,7,1,4,8,0.346958814,0.270565428,0.531157164,0.816,0,0
10,8,8,7,1,4,9,0.388167662,0.281767506,0.324111294,0.816,0,0
10,8,8,7,1,4,11,0.526897729,0.264060419,0.401444189,0.96,0,0
10,8,8,7,1,4,9,0.379216554,0.335391461,0.367632956,0.816,0,0
10,8,8,7,1,4,8,0.346958814,0.270565428,0.531157164,0.816,0,0
10,8,8,7,1,4,9,0.388167662,0.281767506,0.324111294,0.816,0,0
10,8,8,7,2,3,9,0.452711182,0.269750641,0.207104581,0.816,1,0
10,8,8,7,2,3,9,0.469517962,0.279825264,0.201291225,0.816,1,0
10,8,8,7,2,3,11,0.655826718,0.392777799,0.389473089,0.96,0,0
9,12,13,4,0,3,6,0.133357899,0.133357899,0.155956223,0.96,1,1
9,12,13,4,0,3,4,0.175114049,0.175114049,0.292785932,0.764,0,0
9,12,13,4,0,3,4,0.155928268,0.155928268,0.172052689,0.764,0,0
9,12,13,4,1,1,4,0.243875703,0.125134844,0,0.96,1,1
9,12,13,4,2,1,6,0.035133106,0.136048414,0,0.96,1,1
9,12,13,4,3,7,6,0.035515416,0.106942867,0.246157594,0.96,1,1
9,12,13,4,3,7,6,0.184194157,0.095021601,0.207343839,0.764,0,0
9,12,13,4,3,7,6,0.266686481,0.186952658,0.19891427,0.764,0,0
9,12,13,4,3,7,4,0.213755619,0.121059686,0.164409657,0.764,0,0
9,12,13,4,3,7,2,0.317778948,0.182178944,0.151903763,0.764,0,0
9,12,13,4,3,7,6,0.344791365,0.210118672,0.167498204,0.764,0,0
9,12,13,4,3,7,4,0.326773521,0.191234032,0.168776334,0.764,0,0
9,12,13,4,4,3,6,0.180352486,0.110846875,0.124477703,0.96,1,1
9,12,13,4,4,3,6,0.034193088,0.140822129,0.229371835,0.764,0,0
9,12,13,4,4,3,6,0.215039743,0.134799517,0.142205254,0.764,0,0
9,12,13,4,5,2,4,0.051015152,0.135713858,0.301553755,0.96,1,1
9,12,13,4,5,2,4,0.296659346,0.193887506,0.301553755,0.764,0,0
9,12,13,4,6,4,6,0.009107906,0.1347304,0.237630875,0.764,1,1
9,12,13,4,6,4,2,0.192804749,0.201852362,0.189350116,0.96,1,1
9,12,13,4,6,4,4,0.30557497,0.197766672,0.195981994,0.764,0,0
9,12,13,4,6,4,6,0.234217279,0.131949318,0.156047098,0.764,0,0
9,12,13,4,7,1,4,0.19593955,0.133227405,0,0.96,1,1
3,1,2,1,0,1,2,0.510429077,0.510429077,0,0.96,1,0
3,1,2,1,1,2,1,0.72813337,0.579852954,0.851491678,0.96,1,0
3,1,2,1,1,2,2,0.167376976,0.511368247,0.851491678,0.907,0,0
3,1,2,1,2,3,4,0.773777593,0.437453022,0.664199103,0.907,1,0
3,1,2,1,2,3,0,0.996494016,0.422505599,0.775604063,0.907,1,0
3,1,2,1,2,3,4,0.082160918,0.500768799,0.808247925,0.96,0,0
3,1,2,1,3,2,1,0.643686295,0.434383889,1.013878459,0.907,1,0
3,1,2,1,3,2,4,0.703849711,0.585896428,1.013878459,0.96,1,0
2,9,5,5,0,1,1,0.340930475,0.340930475,0,0.96,1,1
2,9,5,5,1,1,1,0.421608988,0.413163323,0,0.96,1,1
2,9,5,5,2,1,1,0.578227855,0.2601018,0,0.96,1,1
2,9,5,5,3,1,1,0.491832286,0.362752819,0,0.96,1,1
3,6,12,3,0,1,2,0.068170394,0.068170394,0,0.96,1,1
3,6,12,3,1,1,2,0.2215402,0.172636161,0,0.96,1,1
9,8,8,2,0,1,9,0.2851527,0.2851527,0,0.96,1,0
9,8,8,2,1,2,11,0.011484409,0.284366659,0.425637527,0.816,1,0
9,8,8,2,1,2,8,0.4181721,0.296012614,0.425637527,0.96,1,0
9,8,8,2,2,1,11,0.420567977,0.30860687,0,0.96,1,0
9,8,8,2,3,2,4,0.475881973,0.36925035,0.423238853,0.96,1,0
9,8,8,2,3,2,9,0.648266135,0.348747017,0.423238853,0.816,0,0
9,8,8,2,4,1,8,0.167499005,0.219938808,0,0.96,1,0
9,8,8,2,5,3,9,0.175468703,0.394906018,0.560227569,0.96,1,0
9,8,8,2,5,3,8,0.418358254,0.199615576,0.466491277,0.816,0,0
9,8,8,2,5,3,9,0.397783558,0.287567893,0.432945443,0.816,0,0
9,8,8,2,6,3,9,0.046614443,0.357779965,0.562675486,0.96,1,0
9,8,8,2,6,3,9,0.69226394,0.299332969,0.542129456,0.816,0,0
9,8,8,2,6,3,9,0.486762184,0.274886472,0.451899737,0.816,0,0
9,8,8,2,7,2,6,0.023401814,0.356812003,0.484663026,0.96,1,0
9,8,8,2,7,2,9,0.469642581,0.321164801,0.484663026,0.816,0,0
9,8,8,2,8,2,11,0.467108748,0.331355269,0.653298198,0.96,1,1
9,8,8,2,8,2,11,0.442247766,0.32693146,0.653298198,0.816,0,0
3,9,12,3,0,1,1,0.178678124,0.178678124,0,0.96,1,1
3,9,12,3,1,2,1,0.174430649,0.146213082,0.039954913,0.803,1,1
3,9,12,3,1,2,1,0.167924854,0.179089097,0.039954913,0.96,1,1
3,9,12,3,1,2,1,0.174430649,0.146213082,0.039954913,0.803,1,1
3,9,12,3,2,1,1,0.273575907,0.146149344,0,0.96,1,1
3,9,12,3,3,1,1,0.214008289,0.264353727,0,0.96,1,1
9,5,2,1,0,6,9,0.528734905,0.528734905,0.384536704,0.96,1,0
9,5,2,1,0,6,4,0.495936525,0.495936525,0.85027468,0.855,0,0
9,5,2,1,0,6,8,0.504673908,0.504673908,0.377056758,0.855,0,0
9,5,2,1,0,6,11,0.457673103,0.457673103,0.366767924,0.855,0,0
9,5,2,1,0,6,6,0.512562757,0.512562757,0.857490159,0.855,0,0
9,5,2,1,0,6,9,0.510808361,0.510808361,0.401910088,0.855,0,0
9,5,2,1,1,2,11,0.081557422,0.492447387,0.722126726,0.855,1,0
9,5,2,1,1,2,9,0.797385879,0.501305659,0.722126726,0.96,1,0
0,13,10,5,0,2,0,0.208416283,0.208416283,0.443497064,0.96,1,1
0,13,10,5,0,2,1,0.247609513,0.247609513,0.443497064,0.751,0,0
0,13,10,5,1,2,1,0.296740371,0.241601095,0.290841398,0.96,1,1
0,13,10,5,1,2,1,0.068145728,0.259150605,0.290841398,0.751,0,0
1,5,6,3,0,1,1,0.433130987,0.433130987,0,0.96,1,1
1,5,6,3,1,1,0,0.448946543,0.263856343,0,0.96,1,0
0,8,10,2,0,3,1,0.164969632,0.164969632,0.270124892,0.96,1,1
0,8,10,2,0,3,1,0.290261016,0.290261016,0.348648417,0.816,0,0
0,8,10,2,0,3,2,0.168460808,0.168460808,0.379840604,0.816,0,0
0,8,10,2,1,4,2,0.296131132,0.297394608,0.32124649,0.96,1,0
0,8,10,2,1,4,1,0.086419005,0.229209007,0.27330528,0.816,0,0
0,8,10,2,1,4,2,0.320693711,0.188005511,0.341322453,0.816,0,0
0,8,10,2,1,4,2,0.051651892,0.210922771,0.249919288,0.816,0,0
17,11,10,6,0,1,4,0.199045919,0.199045919,0,0.96,1,1
17,11,10,6,1,2,6,0.096818275,0.246057641,0.265334216,0.96,1,1
17,11,10,6,1,2,6,0.286711674,0.184960744,0.265334216,0.777,0,0
17,11,10,6,2,1,4,0.502986377,0.265363943,0,0.96,1,1
17,11,10,6,3,1,4,0.432439737,0.207892297,0,0.96,1,1
17,11,10,6,4,3,1,0.068212798,0.140344685,0.295103447,0.96,1,0
17,11,10,6,4,3,4,0.373294677,0.189211615,0.407793131,0.777,0,0
17,11,10,6,4,3,4,0.290345047,0.322120821,0.389755666,0.777,0,0
17,11,10,6,5,2,4,0.194060807,0.203581189,0.009492598,0.96,1,1
17,11,10,6,5,2,6,0.193731095,0.209540664,0.009492598,0.777,0,0
17,11,10,6,6,4,4,0.037687253,0.224257297,0.21720466,0.96,1,1
17,11,10,6,6,4,6,0.051881929,0.234529653,0.25967481,0.777,0,0
17,11,10,6,6,4,4,0.275016866,0.206864907,0.216140666,0.777,0,0
17,11,10,6,6,4,6,0.323202441,0.263425482,0.247076618,0.777,0,0
17,11,10,6,7,2,4,0.080575759,0.304746568,0.522219752,0.96,1,1
17,11,10,6,7,2,2,0.441645539,0.217896872,0.522219752,0.777,0,0
17,11,10,6,8,1,4,0.49102255,0.186764197,0,0.96,1,1
3,1,0,0,0,2,4,0.479137202,0.479137202,0.156603841,0.907,1,0
3,1,0,0,0,2,4,0.631441816,0.631441816,0.156603841,0.96,1,0
3,1,0,0,1,1,4,0.815541438,0.66322923,0,0.96,1,0
3,1,0,0,2,2,4,0.596932199,0.578539679,0.694256805,0.96,1,0
3,1,0,0,2,2,1,0.129783666,0.653914288,0.694256805,0.907,0,0
3,1,0,0,3,3,1,0.215896358,0.681516987,1.052315577,0.907,1,0
3,1,0,0,3,3,4,1.071662895,0.528746829,1.053907428,0.907,0,0
3,1,0,0,3,3,1,0.684776597,0.737524413,0.902262416,0.96,0,0
3,1,0,0,3,3,4,1.071662895,0.528746829,1.053907428,0.907,0,0
3,1,0,0,4,2,2,0.073575324,0.714430842,0.84418378,0.907,1,0
3,1,0,0,4,2,1,0.905285963,0.537773803,0.84418378,0.96,1,0
3,1,0,0,5,11,1,0.76445205,0.536424569,0.729208769,0.907,0,0
3,1,0,0,5,11,1,0.722085509,0.606017016,0.786622088,0.907,0,0
3,1,0,0,5,11,4,0.784969393,0.523385271,0.672501148,0.907,0,0
3,1,0,0,5,11,4,0.824503,0.460964399,0.652646367,0.907,0,0
3,1,0,0,5,11,4,1.162895183,0.627049259,0.810432559,0.907,0,0
3,1,0,0,5,11,0,0.10941183,0.435625163,0.712732683,0.907,0,0
3,1,0,0,5,11,4,0.856547338,0.619944944,0.742516188,0.907,0,0
3,1,0,0,5,11,1,0.769784032,0.558181234,0.742215444,0.907,0,0
3,1,0,0,5,11,4,1.050447165,0.514298218,0.73127274,0.907,0,0
3,1,0,0,5,11,4,0.116039332,0.547603363,0.788388641,0.907,0,0
3,1,0,0,5,11,4,0.710507593,0.518798562,0.682800666,0.96,0,0
3,1,0,0,5,11,1,0.76445205,0.536424569,0.729208769,0.907,0,0
3,1,0,0,5,11,1,0.722085509,0.606017016,0.786622088,0.907,0,0
3,1,0,0,5,11,4,0.784969393,0.523385271,0.672501148,0.907,0,0
3,1,0,0,5,11,4,0.824503,0.460964399,0.652646367,0.907,0,0
3,1,0,0,5,11,4,1.162895183,0.627049259,0.810432559,0.907,0,0
3,1,0,0,5,11,0,0.10941183,0.435625163,0.712732683,0.907,0,0
3,1,0,0,5,11,4,0.856547338,0.619944944,0.742516188,0.907,0,0
3,1,0,0,5,11,1,0.769784032,0.558181234,0.742215444,0.907,0,0
3,1,0,0,5,11,4,1.050447165,0.514298218,0.73127274,0.907,0,0
3,1,0,0,5,11,4,0.116039332,0.547603363,0.788388641,0.907,0,0
3,1,0,0,6,1,4,0.16378811,0.641148563,0,0.96,1,0
1,10,2,0,0,1,1,0.463358412,0.463358412,0,0.96,1,1
1,10,2,0,1,1,1,0.042769431,0.505247377,0,0.96,1,1
11,15,7,4,0,1,4,0.429168441,0.429168441,0,0.96,1,1
11,15,7,4,1,4,4,0.473163034,0.37395417,0.347892724,0.725,1,1
11,15,7,4,1,4,4,0.474268871,0.384031453,0.351863223,0.96,1,1
11,15,7,4,1,4,4,0.650510924,0.223535592,0.578151553,0.725,0,0
11,15,7,4,1,4,1,0.043265731,0.467085388,0.572178269,0.725,0,0
11,15,7,4,1,4,4,0.473163034,0.37395417,0.347892724,0.725,1,1
11,15,7,4,2,1,4,0.395070109,0.322875952,0,0.96,1,1
11,15,7,4,3,3,4,0.575242199,0.252376036,0.234914729,0.96,1,1
11,15,7,4,3,3,4,0.520602437,0.365666746,0.43458257,0.725,0,0
11,15,7,4,3,3,4,0.630034871,0.307410855,0.257898956,0.725,0,0
11,15,7,4,4,4,4,0.08911822,0.201191704,0.46745625,0.96,1,1
11,15,7,4,4,4,4,0.33098775,0.189012701,0.345297171,0.725,0,0
11,15,7,4,4,4,2,0.516601649,0.267538507,0.301126517,0.725,0,0
11,15,7,4,4,4,4,0.663941053,0.411565378,0.400940777,0.725,0,0
11,15,7,4,5,1,4,0.43833981,0.326633054,0,0.96,1,1
11,15,7,4,6,1,4,0.364703766,0.245012503,0,0.96,1,1
6,4,0,0,0,2,4,0.563940961,0.563940961,0.225549704,0.96,1,0
6,4,0,0,0,2,4,0.6817989,0.6817989,0.225549704,0.868,0,0
6,4,0,0,1,1,8,1.155790145,0.597129482,0,0.96,1,0
6,4,0,0,2,6,8,0.137863703,0.54406166,0.752464878,0.868,1,0
6,4,0,0,2,6,6,0.108697331,0.531844506,0.687233282,0.868,1,0
6,4,0,0,2,6,8,0.710038867,0.567087691,0.641787571,0.868,0,0
6,4,0,0,2,6,8,1.111377429,0.514247983,0.745193606,0.868,0,0
6,4,0,0,2,6,4,1.059416991,0.462643344,0.71490141,0.868,0,0
6,4,0,0,2,6,8,0.702854288,0.44388589,0.577331512,0.96,0,0
6,4,0,0,2,6,8,0.710038867,0.567087691,0.641787571,0.868,0,0
6,4,0,0,2,6,6,0.108697331,0.531844506,0.687233282,0.868,1,0
6,4,0,0,2,6,8,1.111377429,0.514247983,0.745193606,0.868,0,0
6,4,0,0,2,6,4,1.059416991,0.462643344,0.71490141,0.868,0,0
8,4,4,0,0,4,4,0.54327744,0.54327744,0.713363445,0.96,1,0
8,4,4,0,0,4,9,0.486859786,0.486859786,0.534335062,0.868,0,0
8,4,4,0,0,4,8,0.313617411,0.313617411,0.736241268,0.868,0,0
8,4,4,0,0,4,8,0.462182385,0.462182385,0.533397117,0.868,0,0
8,4,4,0,1,1,9,0.729935546,0.328569859,0,0.96,1,0
8,4,4,0,2,2,4,0.599665313,0.356412267,0.565850499,0.96,1,0
8,4,4,0,2,2,9,0.213274689,0.424003963,0.565850499,0.868,0,0
8,4,4,0,3,8,8,0.412219481,0.321048904,0.48221933,0.868,1,0
8,4,4,0,3,8,4,0.430307383,0.453478555,0.584197311,0.868,1,0
8,4,4,0,3,8,8,0.490293288,0.420145201,0.532317176,0.868,0,0
8,4,4,0,3,8,6,0.728765898,0.379554663,0.467593721,0.868,0,0
8,4,4,0,3,8,8,0.633249764,0.354131362,0.486305385,0.868,0,0
8,4,4,0,3,8,8,0.616234292,0.396144574,0.524828465,0.868,0,0
8,4,4,0,3,8,8,0.576619355,0.385076798,0.534465878,0.868,0,0
8,4,4,0,3,8,9,0.799699628,0.453882361,0.513785999,0.96,0,0
8,4,4,0,3,8,8,0.490293288,0.420145201,0.532317176,0.868,0,0
8,4,4,0,3,8,6,0.728765898,0.379554663,0.467593721,0.868,0,0
8,4,4,0,3,8,8,0.633249764,0.354131362,0.486305385,0.868,0,0
8,4,4,0,3,8,8,0.616234292,0.396144574,0.524828465,0.868,0,0
8,4,4,0,3,8,8,0.576619355,0.385076798,0.534465878,0.868,0,0
8,4,4,0,4,1,8,0.516613725,0.249767816,0,0.96,1,0
10,13,7,7,0,1,4,0.225432259,0.225432259,0,0.96,1,1
10,13,7,7,1,1,4,0.328382449,0.313300714,0,0.96,1,1
10,13,7,7,2,1,2,0.392086865,0.226599408,0,0.96,1,1
10,13,7,7,3,2,4,0.337881902,0.233932981,0.385748647,0.96,1,1
10,13,7,7,3,2,1,0.055929936,0.245155455,0.385748647,0.751,0,0
10,13,7,7,4,1,4,0.375387927,0.320351707,0,0.96,1,1
10,13,7,7,5,4,4,0.513459241,0.19618393,0.297025497,0.96,1,1
10,13,7,7,5,4,4,0.615059469,0.297751768,0.333241803,0.751,0,0
10,13,7,7,5,4,4,0.63580499,0.319496711,0.333714666,0.751,0,0
10,13,7,7,5,4,4,0.110635863,0.430827538,0.69830647,0.751,0,0
10,13,7,7,6,4,4,0.153437407,0.26098222,0.47057645,0.96,1,1
10,13,7,7,6,4,0,0.430237018,0.350564561,0.565326495,0.751,0,0
10,13,7,7,6,4,1,0.422534154,0.351393434,0.436945861,0.751,0,0
10,13,7,7,6,4,2,0.373247305,0.319777335,0.412887256,0.751,0,0
10,13,7,7,7,1,4,0.3091947,0.228235255,0,0.96,1,1
10,13,7,7,8,5,4,0.513011974,0.319499628,0.482855288,0.96,1,1
10,13,7,7,8,5,1,0.447922494,0.389746325,0.483358434,0.751,0,0
10,13,7,7,8,5,0,0.379942414,0.424133004,0.533635362,0.751,0,0
10,13,7,7,8,5,1,0.374129216,0.29874646,0.512755273,0.751,0,0
10,13,7,7,8,5,4,0.467500587,0.369303215,0.559313014,0.751,0,0
10,13,7,7,9,1,4,0.411363977,0.408196895,0,0.96,1,1
10,13,7,7,10,1,4,0.583094093,0.176072924,0,0.96,1,1
8,3,1,0,0,14,4,0.409114924,0.409114924,0.66555614,0.881,0,0
8,3,1,0,0,14,4,0.559873003,0.559873003,0.70287127,0.881,0,0
8,3,1,0,0,14,8,0.482049959,0.482049959,0.679235211,0.881,0,0
8,3,1,0,0,14,8,0.559982559,0.559982559,0.783084285,0.881,0,0
8,3,1,0,0,14,9,0.454363343,0.454363343,0.549096541,0.881,0,0
8,3,1,0,0,14,6,0.391253656,0.391253656,0.527487115,0.881,0,0
8,3,1,0,0,14,6,0.3797112,0.3797112,0.593569849,0.881,0,0
8,3,1,0,0,14,9,0.427732193,0.427732193,0.617794046,0.881,0,0
8,3,1,0,0,14,6,0.577561893,0.577561893,0.628958868,0.881,0,0
8,3,1,0,0,14,9,0.502005376,0.502005376,0.653172911,0.881,0,0
8,3,1,0,0,14,2,0.392920705,0.392920705,0.528198029,0.881,0,0
8,3,1,0,0,14,6,0.583773159,0.583773159,0.637220663,0.881,0,0
8,3,1,0,0,14,8,0.330261437,0.330261437,0.563545019,0.881,0,0
8,3,1,0,0,14,8,0.534955987,0.534955987,0.685673402,0.96,0,0
8,3,1,0,0,14,4,0.409114924,0.409114924,0.66555614,0.881,0,0
8,3,1,0,0,14,4,0.559873003,0.559873003,0.70287127,0.881,0,0
8,3,1,0,0,14,8,0.482049959,0.482049959,0.679235211,0.881,0,0
8,3,1,0,0,14,8,0.559982559,0.559982559,0.783084285,0.881,0,0
8,3,1,0,0,14,9,0.454363343,0.454363343,0.549096541,0.881,0,0
8,3,1,0,0,14,6,0.391253656,0.391253656,0.527487115,0.881,0,0
8,3,1,0,0,14,6,0.3797112,0.3797112,0.593569849,0.881,0,0
8,3,1,0,0,14,9,0.427732193,0.427732193,0.617794046,0.881,0,0
8,3,1,0,0,14,6,0.577561893,0.577561893,0.628958868,0.881,0,0
8,3,1,0,0,14,9,0.502005376,0.502005376,0.653172911,0.881,0,0
8,3,1,0,0,14,2,0.392920705,0.392920705,0.528198029,0.881,0,0
8,3,1,0,0,14,6,0.583773159,0.583773159,0.637220663,0.881,0,0
8,3,1,0,0,14,8,0.330261437,0.330261437,0.563545019,0.881,0,0
8,3,1,0,1,3,6,0.98758846,0.455354758,0.94633646,0.881,1,0
8,3,1,0,1,3,9,0.172583008,0.505354858,0.571943075,0.96,1,0
8,3,1,0,1,3,9,0.056517837,0.504157247,0.584722723,0.881,0,0
7,7,8,5,0,1,8,0.298973626,0.298973626,0,0.96,1,1
7,7,8,5,1,2,2,0.059629527,0.239927986,0.488608667,0.96,1,1
7,7,8,5,1,2,8,0.524581075,0.367996633,0.488608667,0.829,0,0
7,7,8,5,2,2,8,0.632537774,0.393131073,0.641416126,0.96,1,0
7,7,8,5,2,2,2,0.144518749,0.26688489,0.641416126,0.829,0,0
7,7,8,5,3,1,4,0.60701969,0.214523447,0,0.96,1,1
7,7,8,5,4,4,4,0.327645733,0.212421283,0.427354649,0.829,1,1
7,7,8,5,4,4,6,0.454288977,0.338963663,0.506894143,0.96,1,0
7,7,8,5,4,4,4,0.5930998,0.383785468,0.302985747,0.829,0,0
7,7,8,5,4,4,6,0.624015389,0.410873606,0.314453206,0.829,0,0
1,4,1,0,0,3,0,0.478957466,0.478957466,0.964389495,0.96,1,0
1,4,1,0,0,3,0,0.598441411,0.598441411,0.888305508,0.868,0,0
1,4,1,0,0,3,0,0.511098046,0.511098046,0.813745899,0.868,0,0
1,4,1,0,1,1,0,0.202554616,0.309509644,0,0.96,1,0
2,6,4,1,0,1,0,0.378337607,0.378337607,0,0.96,1,1
2,6,4,1,1,3,0,0.496510826,0.567632108,0.458684402,0.96,1,0
2,6,4,1,1,3,0,0.689218246,0.319722158,0.606762356,0.842,0,0
2,6,4,1,1,3,0,0.49886973,0.421604264,0.357078616,0.842,0,0
5,0,1,0,0,7,4,0.325291051,0.325291051,0.617064697,0.92,1,0
5,0,1,0,0,7,4,0.488834337,0.488834337,0.727497383,0.92,0,0
5,0,1,0,0,7,6,0.472608675,0.472608675,0.712397601,0.92,0,0
5,0,1,0,0,7,4,0.480664556,0.480664556,0.563701896,0.92,0,0
5,0,1,0,0,7,6,0.5562484,0.5562484,0.628867842,0.92,0,0
5,0,1,0,0,7,6,0.408991082,0.408991082,0.654426,0.92,0,0
5,0,1,0,0,7,6,0.492975153,0.492975153,0.58585858,0.96,0,0
5,0,1,0,0,7,4,0.488834337,0.488834337,0.727497383,0.92,0,0
5,0,1,0,0,7,6,0.472608675,0.472608675,0.712397601,0.92,0,0
5,0,1,0,0,7,4,0.480664556,0.480664556,0.563701896,0.92,0,0
5,0,1,0,0,7,6,0.5562484,0.5562484,0.628867842,0.92,0,0
5,0,1,0,0,7,6,0.408991082,0.408991082,0.654426,0.92,0,0
5,0,1,0,1,12,6,0.190878946,0.552293571,0.621831668,0.92,1,0
5,0,1,0,1,12,6,0.535082958,0.582282896,0.573172552,0.92,0,0
5,0,1,0,1,12,6,0.810082573,0.497127365,0.788852079,0.92,0,0
5,0,1,0,1,12,6,0.614536494,0.510204907,0.544755558,0.92,0,0
5,0,1,0,1,12,6,0.825383466,0.499516481,0.794415822,0.92,0,0
5,0,1,0,1,12,6,0.692831251,0.609975609,0.615873796,0.92,0,0
5,0,1,0,1,12,1,0.077527711,0.487650468,0.555389679,0.92,0,0
5,0,1,0,1,12,6,0.62958488,0.512868833,0.551505509,0.92,0,0
5,0,1,0,1,12,4,0.148812548,0.366330673,0.509645226,0.92,0,0
5,0,1,0,1,12,6,1.036841821,0.549774501,0.862161736,0.92,0,0
5,0,1,0,1,12,2,0.14615714,0.438509681,0.54224079,0.92,0,0
5,0,1,0,1,12,6,0.444116105,0.434716013,0.501980589,0.96,0,0
5,0,1,0,1,12,6,0.535082958,0.582282896,0.573172552,0.92,0,0
5,0,1,0,1,12,6,0.810082573,0.497127365,0.788852079,0.92,0,0
5,0,1,0,1,12,6,0.614536494,0.510204907,0.544755558,0.92,0,0
5,0,1,0,1,12,6,0.825383466,0.499516481,0.794415822,0.92,0,0
5,0,1,0,1,12,6,0.692831251,0.609975609,0.615873796,0.92,0,0
5,0,1,0,1,12,1,0.077527711,0.487650468,0.555389679,0.92,0,0
5,0,1,0,1,12,6,0.62958488,0.512868833,0.551505509,0.92,0,0
5,0,1,0,1,12,4,0.148812548,0.366330673,0.509645226,0.92,0,0
5,0,1,0,1,12,6,1.036841821,0.549774501,0.862161736,0.92,0,0
5,0,1,0,1,12,2,0.14615714,0.438509681,0.54224079,0.92,0,0
3,5,3,2,0,1,2,0.430642743,0.430642743,0,0.96,1,1
3,5,3,2,1,4,1,0.059515108,0.489121924,0.27134204,0.96,1,0
3,5,3,2,1,4,4,0.223020032,0.482371474,0.289232223,0.855,0,0
3,5,3,2,1,4,2,0.15908485,0.456576167,0.249610289,0.855,0,0
3,5,3,2,1,4,2,0.38919434,0.375978684,0.514667482,0.855,0,0
1,6,7,2,0,1,6,0.37338216,0.37338216,0,0.96,1,0
1,6,7,2,1,1,6,0.48695539,0.242913709,0,0.96,1,1
1,6,7,2,2,2,9,0.375831474,0.293802499,0.397400038,0.96,1,0
1,6,7,2,2,2,6,0.024014628,0.248909134,0.397400038,0.842,0,0
1,6,7,2,3,3,6,0.39057961,0.323790554,0.624000931,0.842,1,1
1,6,7,2,3,3,6,0.489548532,0.397638486,0.616360326,0.96,1,0
1,6,7,2,3,3,9,0.638231667,0.344716803,0.523436426,0.842,0,0
1,6,7,2,4,1,9,0.677297908,0.279894893,0,0.96,1,1
1,6,7,2,5,2,8,0.531640628,0.421488319,0.072536992,0.96,1,0
1,6,7,2,5,2,9,0.460373026,0.355028737,0.072536992,0.842,0,0
2,2,0,0,0,1,1,0.655648661,0.655648661,0,0.96,1,0
2,2,0,0,1,1,0,0.046685678,0.609746457,0,0.96,1,0
2,2,0,0,2,1,0,0.881184462,0.630320523,0,0.96,1,0
7,6,6,1,0,6,4,0.310361613,0.310361613,0.484404981,0.96,1,1
7,6,6,1,0,6,4,0.406612732,0.406612732,0.540966772,0.842,0,0
7,6,6,1,0,6,2,0.323669375,0.323669375,0.499525059,0.842,0,0
7,6,6,1,0,6,4,0.265401264,0.265401264,0.454084308,0.842,0,0
7,6,6,1,0,6,2,0.327353236,0.327353236,0.432000591,0.842,0,0
7,6,6,1,0,6,2,0.315404688,0.315404688,0.4227861,0.842,0,0
7,6,6,1,1,3,2,0.747677443,0.442345675,0.589291624,0.96,1,0
7,6,6,1,1,3,1,0.116044259,0.247409649,0.601515611,0.842,0,0
7,6,6,1,1,3,4,0.489599047,0.365224114,0.502168188,0.842,0,0
1,1,0,0,0,1,0,0.33607527,0.33607527,0,0.96,1,0
1,1,0,0,1,1,0,0.105627225,0.43226549,0,0.96,1,0
14,9,4,0,0,1,9,0.331461714,0.331461714,0,0.96,1,0
14,9,4,0,1,6,8,0.028252118,0.331237119,0.484568671,0.96,1,0
14,9,4,0,1,6,8,0.596058458,0.42561802,0.402997272,0.803,0,0
14,9,4,0,1,6,8,0.145152795,0.409862025,0.494971028,0.803,0,0
14,9,4,0,1,6,2,0.541140509,0.342075384,0.372997787,0.803,0,0
14,9,4,0,1,6,8,0.707269272,0.407658252,0.705600269,0.803,0,0
14,9,4,0,1,6,4,0.51035494,0.394580342,0.378649805,0.803,0,0
14,9,4,0,2,1,8,0.649723166,0.486470654,0,0.96,1,0
14,9,4,0,3,1,4,0.762020292,0.429366658,0,0.96,1,0
14,9,4,0,4,3,8,0.21544583,0.389863371,0.667997238,0.96,1,1
14,9,4,0,4,3,4,0.829147685,0.402726123,0.60766921,0.803,0,0
14,9,4,0,4,3,6,0.710167069,0.381139408,0.495541425,0.803,0,0
14,9,4,0,5,1,8,0.558715449,0.382899756,0,0.96,1,1
14,9,4,0,6,6,8,0.037561613,0.373631885,0.419006681,0.803,1,0
14,9,4,0,6,6,9,0.616600591,0.466899523,0.594975147,0.96,1,0
14,9,4,0,6,6,9,0.395052783,0.343975237,0.490600176,0.803,0,0
14,9,4,0,6,6,9,0.530290123,0.309639877,0.508207144,0.803,0,0
14,9,4,0,6,6,9,0.140314738,0.490793004,0.487183974,0.803,0,0
14,9,4,0,6,6,9,0.445935958,0.350441853,0.51612794,0.803,0,0
5,10,7,6,0,2,1,0.457955008,0.457955008,0.594741215,0.96,1,1
5,10,7,6,0,2,0,0.391351667,0.391351667,0.594741215,0.79,0,0
5,10,7,6,1,1,1,0.69975106,0.241796529,0,0.96,1,1
16,1,3,2,0,2,4,0.4246945,0.4246945,0.826862505,0.96,1,0
16,1,3,2,0,2,6,0.403240384,0.403240384,0.826862505,0.907,0,0
16,1,3,2,1,6,6,0.561906247,0.362474347,0.502841759,0.907,1,0
16,1,3,2,1,6,9,0.684329103,0.478604644,0.72142399,0.907,0,0
16,1,3,2,1,6,6,0.524704248,0.51330992,0.567588144,0.907,0,0
16,1,3,2,1,6,4,0.532850422,0.509448664,0.561672325,0.907,0,0
16,1,3,2,1,6,8,0.725882153,0.503116546,0.737481478,0.907,0,0
16,1,3,2,1,6,6,0.804806482,0.416748209,0.61233903,0.96,0,0
16,1,3,2,1,6,9,0.684329103,0.478604644,0.72142399,0.907,0,0
16,1,3,2,1,6,6,0.524704248,0.51330992,0.567588144,0.907,0,0
16,1,3,2,1,6,4,0.532850422,0.509448664,0.561672325,0.907,0,0
16,1,3,2,1,6,8,0.725882153,0.503116546,0.737481478,0.907,0,0
16,1,3,2,4,1,6,0.707385813,0.454840666,0,0.96,1,1
16,1,3,2,3,7,9,0.670587698,0.439824435,0.593492791,0.907,1,0
16,1,3,2,2,1,8,0.959276273,0.567440526,0,0.96,0,0
16,1,3,2,3,7,2,0.969217236,0.403125508,0.634015991,0.907,1,0
16,1,3,2,3,7,8,0.679805906,0.500014034,0.738586079,0.907,0,0
16,1,3,2,3,7,8,0.150598075,0.417118611,0.584979411,0.907,0,0
16,1,3,2,3,7,8,0.074100733,0.510066885,0.649718734,0.907,0,0
16,1,3,2,3,7,6,0.734368136,0.510482236,0.643225634,0.907,0,0
16,1,3,2,3,7,9,0.954895882,0.391995273,0.628515708,0.96,0,0
16,1,3,2,3,7,8,0.679805906,0.500014034,0.738586079,0.907,0,0
16,1,3,2,3,7,2,0.969217236,0.403125508,0.634015991,0.907,1,0
16,1,3,2,3,7,8,0.150598075,0.417118611,0.584979411,0.907,0,0
16,1,3,2,3,7,8,0.074100733,0.510066885,0.649718734,0.907,0,0
16,1,3,2,3,7,6,0.734368136,0.510482236,0.643225634,0.907,0,0
16,1,3,2,6,1,6,0.779716493,0.385180284,0,0.96,1,0
16,1,3,2,5,1,6,0.563501368,0.400831873,0,0.96,0,0
14,1,5,2,0,1,9,0.395380754,0.395380754,0,0.96,1,0
14,1,5,2,1,2,11,0.489131926,0.253616147,0.691795438,0.96,1,0
14,1,5,2,1,2,9,0.538143313,0.43867435,0.691795438,0.907,0,0
14,1,5,2,2,3,8,0.397208341,0.342730928,0.707153898,0.907,1,0
14,1,5,2,2,3,9,0.55205348,0.477806708,0.522546773,0.907,0,0
14,1,5,2,2,3,9,0.365465464,0.252484323,0.409943383,0.96,0,0
14,1,5,2,2,3,9,0.55205348,0.477806708,0.522546773,0.907,0,0
14,1,5,2,3,1,8,0.404068838,0.29888129,0,0.96,1,0
14,1,5,2,4,5,9,0.43870151,0.283366939,0.469798799,0.96,1,0
14,1,5,2,4,5,11,0.509606725,0.423340612,0.546376393,0.907,0,0
14,1,5,2,4,5,6,0.438126117,0.369593561,0.528694679,0.907,0,0
14,1,5,2,4,5,4,0.166938059,0.332026899,0.492695576,0.907,0,0
14,1,5,2,4,5,9,0.530765653,0.447128366,0.591157615,0.907,0,0
14,1,5,2,5,3,6,0.144202298,0.417615106,0.511816245,0.907,1,0
14,1,5,2,5,3,11,0.478920424,0.442498047,0.695737938,0.907,0,0
14,1,5,2,5,3,11,0.400119625,0.373666009,0.609604467,0.96,0,0
14,1,5,2,5,3,11,0.478920424,0.442498047,0.695737938,0.907,0,0
14,1,5,2,6,1,11,0.662187599,0.406970046,0,0.96,0,0
15,0,1,0,0,3,4,0.349213967,0.349213967,0.545913351,0.92,1,0
15,0,1,0,0,3,4,0.480351143,0.480351143,0.609590087,0.96,1,0
15,0,1,0,0,3,4,0.592937344,0.592937344,1.005822079,0.92,0,0
15,0,1,0,1,3,4,0.09894146,0.497376101,0.929944221,0.92,1,0
15,0,1,0,1,3,0,0.905161948,0.625071108,0.739001386,0.92,0,0
15,0,1,0,1,3,4,1.002566672,0.523224807,0.818990034,0.96,0,0
15,0,1,0,1,3,0,0.905161948,0.625071108,0.739001386,0.92,0,0
15,0,1,0,2,1,4,0.748751682,0.369271552,0,0.96,0,0
15,0,1,0,3,1,4,0.090094905,0.436606619,0,0.96,0,0
15,0,1,0,4,1,4,0.888704836,0.452105856,0,0.96,1,0
2,10,7,7,0,1,1,0.260467253,0.260467253,0,0.96,1,1
2,10,7,7,1,1,1,0.650294705,0.400415865,0,0.96,1,1
14,13,4,0,0,2,6,0.365977565,0.365977565,0.144487439,0.96,1,1
14,13,4,0,0,2,6,0.401467211,0.401467211,0.144487439,0.751,0,0
14,13,4,0,1,2,9,0.596121238,0.407243277,0.360960272,0.96,1,0
14,13,4,0,1,2,6,0.793395564,0.455384064,0.360960272,0.751,0,0
14,13,4,0,2,1,6,0.662542739,0.269443161,0,0.96,1,0
14,13,4,0,3,1,6,0.573283847,0.448938493,0,0.96,1,0
14,13,4,0,4,2,8,0.812167135,0.365929847,0.620645238,0.96,1,0
14,13,4,0,4,2,6,0.47309053,0.41767567,0.620645238,0.751,0,0
14,13,4,0,6,1,9,0.867146125,0.44975269,0,0.96,1,0
14,13,4,0,5,1,9,0.45741681,0.418602215,0,0.96,1,0
14,13,4,0,7,1,9,0.598836468,0.366187121,0,0.96,1,0
14,13,4,0,8,1,8,0.825755268,0.4646143,0,0.96,1,0
0,1,2,1,0,1,1,0.471711202,0.471711202,0,0.96,1,0
0,1,2,1,1,4,0,0.720201883,0.366687055,0.624508984,0.96,1,0
0,1,2,1,1,4,1,0.688315424,0.602641162,0.662091988,0.907,0,0
0,1,2,1,1,4,1,0.638470705,0.297530073,0.583146305,0.907,0,0
0,1,2,1,1,4,1,0.607401617,0.47457396,0.576421664,0.907,0,0
4,12,10,3,0,6,1,0.174439327,0.174439327,0.311985165,0.764,1,1
4,12,10,3,0,6,1,0.136281872,0.136281872,0.29500977,0.96,1,1
4,12,10,3,0,6,2,0.282470313,0.282470313,0.338849008,0.764,0,0
4,12,10,3,0,6,1,0.279033227,0.279033227,0.430376305,0.764,0,0
4,12,10,3,0,6,1,0.239898263,0.239898263,0.310515814,0.764,0,0
4,12,10,3,0,6,0,0.351538074,0.351538074,0.451380991,0.764,0,0
4,12,10,3,0,6,1,0.174439327,0.174439327,0.311985165,0.764,1,1
4,12,10,3,1,1,2,0.083775704,0.21490696,0,0.96,1,1
4,12,10,3,2,2,2,0.502206888,0.294772773,0.40448723,0.96,1,1
4,12,10,3,2,2,1,0.38121199,0.259832474,0.40448723,0.764,0,0
6,7,7,2,0,3,1,0.24865169,0.24865169,0.542071325,0.96,1,1
6,7,7,2,0,3,2,0.382396014,0.382396014,0.53319342,0.829,0,0
6,7,7,2,0,3,2,0.343035896,0.343035896,0.568384824,0.829,0,0
6,7,7,2,1,8,1,0.485709888,0.358456934,0.416554092,0.829,1,1
6,7,7,2,1,8,4,0.645989252,0.397457801,0.447721098,0.96,1,0
6,7,7,2,1,8,4,0.021204099,0.228171601,0.34827538,0.829,0,0
6,7,7,2,1,8,2,0.065396638,0.271633045,0.368207885,0.829,0,0
6,7,7,2,1,8,1,0.100495145,0.149028837,0.327317289,0.829,0,0
6,7,7,2,1,8,4,0.054953987,0.226022219,0.336954712,0.829,0,0
6,7,7,2,1,8,0,0.571821817,0.332510509,0.378260264,0.829,0,0
6,7,7,2,1,8,4,0.623149414,0.380551766,0.409296186,0.829,0,0
0,9,6,6,0,1,0,0.283449575,0.283449575,0,0.96,1,1
0,9,6,6,1,1,0,0.473060646,0.435796815,0,0.96,1,1
4,12,9,7,0,1,0,0.182358145,0.182358145,0,0.96,1,1
4,12,9,7,1,1,1,0.524627681,0.345881637,0,0.96,1,1
5,11,13,2,0,1,4,0.143368301,0.143368301,0,0.96,1,1
5,11,13,2,1,1,4,0.318681777,0.187890327,0,0.96,1,1
5,11,13,2,2,1,4,0.345542788,0.165453391,0,0.96,1,1
5,11,13,2,3,1,4,0.193415539,0.175613569,0,0.96,1,1
5,11,13,2,4,3,1,0.174203488,0.192677981,0.139858349,0.777,1,1
5,11,13,2,4,3,1,0.180031782,0.204580985,0.145433496,0.96,1,1
5,11,13,2,4,3,1,0.177591311,0.098205811,0.273335083,0.777,0,0
5,11,13,2,4,3,1,0.174203488,0.192677981,0.139858349,0.777,1,1
5,11,13,2,5,2,4,0.253411144,0.083573193,0.188512969,0.96,1,1
5,11,13,2,5,2,4,0.343076721,0.155908411,0.188512969,0.777,0,0
5,11,13,2,6,1,4,0.16966812,0.135317523,0,0.96,1,1
5,11,13,2,7,1,2,0.128002486,0.06458594,0,0.96,1,1
5,11,13,2,8,1,4,0.229936642,0.172997272,0,0.96,1,1
5,11,13,2,9,2,4,0.036125808,0.186550192,0.161849777,0.96,1,1
5,11,13,2,9,2,4,0.177081453,0.139503181,0.161849777,0.777,0,0
5,11,13,2,10,1,2,0.238702654,0.179691963,0,0.96,1,1
0,7,7,1,0,2,0,0.46812808,0.46812808,0.147073505,0.96,1,0
0,7,7,1,0,2,0,0.337446194,0.337446194,0.147073505,0.829,0,0
0,7,7,1,1,1,0,0.788584377,0.321849282,0,0.96,1,1
8,7,10,3,0,1,2,0.324184451,0.324184451,0,0.96,1,1
8,7,10,3,1,4,6,0.359403069,0.222106528,0.408941545,0.96,1,0
8,7,10,3,1,4,8,0.439943309,0.282528322,0.306339873,0.829,0,0
8,7,10,3,1,4,6,0.154900754,0.169420026,0.284908459,0.829,0,0
8,7,10,3,1,4,8,0.359636955,0.252920148,0.270537438,0.829,0,0
8,7,10,3,2,5,2,0.577515174,0.363522254,0.417678748,0.96,1,0
8,7,10,3,2,5,4,0.486993297,0.290551442,0.347787626,0.829,0,0
8,7,10,3,2,5,4,0.05988021,0.18680275,0.346900474,0.829,0,0
8,7,10,3,2,5,8,0.28767199,0.213314766,0.325577914,0.829,0,0
8,7,10,3,2,5,6,0.079544424,0.256675093,0.397895079,0.829,0,0
8,1,0,0,0,7,8,0.454713334,0.454713334,0.836001053,0.96,1,0
8,1,0,0,0,7,9,0.313689993,0.313689993,0.58129571,0.907,0,0
8,1,0,0,0,7,8,0.415607591,0.415607591,0.660558958,0.907,0,0
8,1,0,0,0,7,9,0.650065316,0.650065316,0.702033908,0.907,0,0
8,1,0,0,0,7,8,0.666879801,0.666879801,0.714380331,0.907,0,0
8,1,0,0,0,7,9,0.615465923,0.615465923,0.760814722,0.907,0,0
8,1,0,0,0,7,9,0.593370151,0.593370151,0.919819879,0.907,0,0
8,1,0,0,0,7,9,0.313689993,0.313689993,0.58129571,0.907,0,0
8,1,0,0,0,7,8,0.415607591,0.415607591,0.660558958,0.907,0,0
8,1,0,0,0,7,9,0.650065316,0.650065316,0.702033908,0.907,0,0
8,1,0,0,0,7,8,0.666879801,0.666879801,0.714380331,0.907,0,0
8,1,0,0,0,7,9,0.615465923,0.615465923,0.760814722,0.907,0,0
8,1,0,0,0,7,9,0.593370151,0.593370151,0.919819879,0.907,0,0
8,1,0,0,1,5,4,0.068011929,0.386761073,0.693073842,0.96,1,0
8,1,0,0,1,5,9,1.084484352,0.647726964,0.858535911,0.907,0,0
8,1,0,0,1,5,4,0.534368607,0.582441369,0.656781123,0.907,0,0
8,1,0,0,1,5,9,0.550246284,0.471286824,0.58694411,0.907,0,0
8,1,0,0,1,5,9,0.777826184,0.434783888,0.835349494,0.907,0,0
8,1,0,0,2,2,9,0.931906671,0.575381568,1.133527771,0.907,1,0
8,1,0,0,2,2,9,0.209176362,0.571266619,1.133527771,0.96,0,0
4,1,3,2,0,1,6,0.358750104,0.358750104,0,0.96,1,0
4,1,3,2,1,4,4,0.762442908,0.403818753,0.328551321,0.96,1,0
4,1,3,2,1,4,0,0.801728922,0.448657802,0.290194327,0.907,0,0
4,1,3,2,1,4,4,0.783821148,0.447017568,0.29318852,0.907,0,0
4,1,3,2,1,4,6,0.536811813,0.495259693,0.652767707,0.907,0,0
15,5,4,2,1,1,4,0.452547379,0.420310383,0,0.96,1,0
15,5,4,2,0,11,4,0.373396379,0.373396379,0.552176468,0.855,1,0
15,5,4,2,0,11,8,0.377980925,0.377980925,0.547590063,0.855,0,0
15,5,4,2,0,11,6,0.327907441,0.327907441,0.465735249,0.855,0,0
15,5,4,2,0,11,6,0.240987496,0.240987496,0.462310807,0.855,0,0
15,5,4,2,0,11,6,0.450354565,0.450354565,0.548235704,0.855,0,0
15,5,4,2,0,11,6,0.483585881,0.483585881,0.55590545,0.855,0,0
15,5,4,2,0,11,6,0.394432498,0.394432498,0.496727447,0.855,0,0
15,5,4,2,0,11,8,0.336429033,0.336429033,0.473300411,0.855,0,0
15,5,4,2,0,11,6,0.463960387,0.463960387,0.539528909,0.855,0,0
15,5,4,2,0,11,8,0.290050937,0.290050937,0.458357726,0.855,0,0
15,5,4,2,0,11,6,0.427047482,0.427047482,0.536592536,0.96,0,0
15,5,4,2,0,11,8,0.377980925,0.377980925,0.547590063,0.855,0,0
15,5,4,2,0,11,6,0.327907441,0.327907441,0.465735249,0.855,0,0
15,5,4,2,0,11,6,0.240987496,0.240987496,0.462310807,0.855,0,0
15,5,4,2,0,11,6,0.450354565,0.450354565,0.548235704,0.855,0,0
15,5,4,2,0,11,6,0.483585881,0.483585881,0.55590545,0.855,0,0
15,5,4,2,0,11,6,0.394432498,0.394432498,0.496727447,0.855,0,0
15,5,4,2,0,11,8,0.336429033,0.336429033,0.473300411,0.855,0,0
15,5,4,2,0,11,6,0.463960387,0.463960387,0.539528909,0.855,0,0
15,5,4,2,0,11,8,0.290050937,0.290050937,0.458357726,0.855,0,0
3,1,0,0,0,1,4,0.604589811,0.604589811,0,0.96,1,0
3,1,0,0,1,5,4,0.842352631,0.524971178,0.957576036,0.907,1,0
3,1,0,0,1,5,2,0.821837189,0.416427686,0.468643214,0.907,1,0
3,1,0,0,1,5,2,0.808359155,0.425505161,0.474588758,0.96,1,0
3,1,0,0,1,5,2,0.821837189,0.416427686,0.468643214,0.907,1,0
3,1,0,0,1,5,1,0.935349087,0.66287472,0.641753205,0.907,0,0
3,1,0,0,1,5,4,1.241599313,0.637025624,0.749751911,0.907,0,0
3,1,0,0,2,1,4,0.51610974,0.354184173,0,0.96,1,0
2,10,5,4,0,1,0,0.318940952,0.318940952,0,0.96,1,1
2,10,5,4,1,4,0,0.10134743,0.40052739,0.458392548,0.96,1,0
2,10,5,4,1,4,0,0.133998347,0.337608035,0.394720324,0.79,0,0
2,10,5,4,1,4,0,0.487541447,0.312299691,0.426783011,0.79,0,0
2,10,5,4,1,4,0,0.684595123,0.372950459,0.592814216,0.79,0,0
8,2,0,0,0,7,2,0.600603367,0.600603367,0.770001013,0.894,1,0
8,2,0,0,0,7,6,0.344782424,0.344782424,0.54832323,0.894,0,0
8,2,0,0,0,7,8,0.45726531,0.45726531,0.596826397,0.894,0,0
8,2,0,0,0,7,4,0.661652023,0.661652023,0.843832419,0.894,0,0
8,2,0,0,0,7,9,0.477846897,0.477846897,0.619486592,0.894,0,0
8,2,0,0,0,7,9,0.388805059,0.388805059,0.585175799,0.894,0,0
8,2,0,0,0,7,9,0.473700541,0.473700541,0.615955703,0.96,0,0
8,2,0,0,0,7,6,0.344782424,0.344782424,0.54832323,0.894,0,0
8,2,0,0,0,7,8,0.45726531,0.45726531,0.596826397,0.894,0,0
8,2,0,0,0,7,4,0.661652023,0.661652023,0.843832419,0.894,0,0
8,2,0,0,0,7,9,0.477846897,0.477846897,0.619486592,0.894,0,0
8,2,0,0,0,7,9,0.388805059,0.388805059,0.585175799,0.894,0,0
8,2,0,0,1,3,4,0.800108988,0.641214543,0.74859323,0.96,1,0
8,2,0,0,1,3,8,0.219561536,0.549851842,0.454832633,0.894,0,0
8,2,0,0,1,3,8,0.034047413,0.492612334,0.5402864,0.894,0,0
8,2,3,2,0,7,4,0.382489003,0.382489003,0.565556001,0.894,1,0
8,2,3,2,0,7,4,0.359743901,0.359743901,0.529368671,0.894,1,0
8,2,3,2,0,7,6,0.393530021,0.393530021,0.343322178,0.96,1,0
8,2,3,2,0,7,4,0.42696833,0.42696833,0.383134492,0.894,0,0
8,2,3,2,0,7,8,0.476581965,0.476581965,0.390853065,0.894,0,0
8,2,3,2,0,7,8,0.385227314,0.385227314,0.340140285,0.894,0,0
8,2,3,2,0,7,8,0.514856859,0.514856859,0.734997148,0.894,0,0
8,2,3,2,1,5,4,0.019865679,0.413312819,0.60563923,0.894,1,0
8,2,3,2,0,7,4,0.42696833,0.42696833,0.383134492,0.894,0,0
8,2,3,2,0,7,8,0.476581965,0.476581965,0.390853065,0.894,0,0
8,2,3,2,0,7,8,0.385227314,0.385227314,0.340140285,0.894,0,0
8,2,3,2,0,7,8,0.514856859,0.514856859,0.734997148,0.894,0,0
8,2,3,2,1,5,8,0.404072849,0.248938395,0.469535718,0.894,0,0
8,2,3,2,1,5,6,0.471572139,0.400082911,0.555359337,0.894,0,0
8,2,3,2,1,5,6,0.803466393,0.624681331,0.834615771,0.894,0,0
8,2,3,2,1,5,4,0.681635792,0.288140189,0.580479021,0.96,0,0
8,2,3,2,1,5,8,0.404072849,0.248938395,0.469535718,0.894,0,0
8,2,3,2,1,5,6,0.471572139,0.400082911,0.555359337,0.894,0,0
8,2,3,2,1,5,6,0.803466393,0.624681331,0.834615771,0.894,0,0
3,5,4,1,0,5,1,0.351798612,0.351798612,0.721090929,0.96,1,0
3,5,4,1,0,5,2,0.376423235,0.376423235,0.378388581,0.855,0,0
3,5,4,1,0,5,4,0.325938858,0.325938858,0.374648883,0.855,0,0
3,5,4,1,0,5,1,0.455060651,0.455060651,0.635847659,0.855,0,0
3,5,4,1,0,5,4,0.507273215,0.507273215,0.468085278,0.855,0,0
3,5,4,1,1,1,1,0.134783602,0.247067433,0,0.96,1,1
3,5,4,1,2,3,4,0.031109439,0.276979916,0.249556897,0.855,1,0
3,5,4,1,2,3,2,0.119266786,0.330629398,0.306232169,0.855,0,0
3,5,4,1,2,3,4,0.384621274,0.393019575,0.442422507,0.96,0,0
3,5,4,1,2,3,2,0.119266786,0.330629398,0.306232169,0.855,0,0
17,2,2,2,1,11,9,0.015335665,0.382939082,0.521455358,0.894,1,0
17,2,2,2,0,1,9,0.395845267,0.395845267,0,0.96,1,0
17,2,2,2,1,11,9,0.608456245,0.396318308,0.678110001,0.894,0,0
17,2,2,2,1,11,6,0.140449901,0.527658415,0.609505024,0.894,0,0
17,2,2,2,1,11,8,0.616314153,0.53930175,0.61392195,0.894,0,0
17,2,2,2,1,11,9,0.632851131,0.49589194,0.586301512,0.894,0,0
17,2,2,2,1,11,9,0.744887103,0.582342655,0.817551926,0.894,0,0
17,2,2,2,1,11,9,0.859775413,0.477130439,0.695083947,0.894,0,0
17,2,2,2,1,11,8,0.074735096,0.375052837,0.516699907,0.894,0,0
17,2,2,2,1,11,9,0.810045322,0.430545421,0.658079312,0.894,0,0
17,2,2,2,1,11,9,0.647646713,0.498844883,0.591641042,0.894,0,0
17,2,2,2,1,11,9,0.13827854,0.506222252,0.601438789,0.96,0,0
17,2,2,2,1,11,9,0.608456245,0.396318308,0.678110001,0.894,0,0
17,2,2,2,1,11,6,0.140449901,0.527658415,0.609505024,0.894,0,0
17,2,2,2,1,11,8,0.616314153,0.53930175,0.61392195,0.894,0,0
17,2,2,2,1,11,9,0.632851131,0.49589194,0.586301512,0.894,0,0
17,2,2,2,1,11,9,0.744887103,0.582342655,0.817551926,0.894,0,0
17,2,2,2,1,11,9,0.859775413,0.477130439,0.695083947,0.894,0,0
17,2,2,2,1,11,8,0.074735096,0.375052837,0.516699907,0.894,0,0
17,2,2,2,1,11,9,0.810045322,0.430545421,0.658079312,0.894,0,0
17,2,2,2,1,11,9,0.647646713,0.498844883,0.591641042,0.894,0,0
7,7,4,4,0,2,4,0.365018577,0.365018577,0.526433474,0.96,1,0
7,7,4,4,0,2,4,0.35100345,0.35100345,0.526433474,0.829,0,0
7,7,4,4,1,1,2,0.708683082,0.506489718,0,0.96,1,1
7,7,4,4,3,2,6,0.135895046,0.348029311,0.744644292,0.829,1,1
7,7,4,4,2,13,1,0.567368528,0.522167014,0.612491089,0.829,0,0
7,7,4,4,2,13,4,0.90145669,0.402098529,0.52440437,0.829,0,0
7,7,4,4,2,13,4,0.118679548,0.388347859,0.549482133,0.829,0,0
7,7,4,4,2,13,6,0.578703346,0.361007754,0.554157353,0.829,0,0
7,7,4,4,2,13,4,0.920513187,0.421195558,0.53554844,0.829,0,0
7,7,4,4,2,13,6,0.515216321,0.408241064,0.536924657,0.829,0,0
7,7,4,4,2,13,6,0.146038047,0.458657145,0.610269813,0.829,0,0
7,7,4,4,2,13,6,0.975427884,0.489344324,0.590399816,0.829,0,0
7,7,4,4,2,13,1,0.911080895,0.407372178,0.532729484,0.829,0,0
7,7,4,4,2,13,1,0.703695355,0.426888024,0.598293577,0.829,0,0
7,7,4,4,2,13,4,0.22447573,0.282401796,0.493791825,0.829,0,0
7,7,4,4,2,13,6,0.660952735,0.352200535,0.546473068,0.829,0,0
7,7,4,4,2,13,6,0.542612172,0.476990128,0.577285333,0.96,0,0
7,7,4,4,2,13,1,0.567368528,0.522167014,0.612491089,0.829,0,0
7,7,4,4,2,13,4,0.90145669,0.402098529,0.52440437,0.829,0,0
7,7,4,4,2,13,4,0.118679548,0.388347859,0.549482133,0.829,0,0
7,7,4,4,2,13,6,0.578703346,0.361007754,0.554157353,0.829,0,0
7,7,4,4,2,13,4,0.920513187,0.421195558,0.53554844,0.829,0,0
7,7,4,4,2,13,6,0.515216321,0.408241064,0.536924657,0.829,0,0
7,7,4,4,2,13,6,0.146038047,0.458657145,0.610269813,0.829,0,0
7,7,4,4,2,13,6,0.975427884,0.489344324,0.590399816,0.829,0,0
7,7,4,4,2,13,1,0.911080895,0.407372178,0.532729484,0.829,0,0
7,7,4,4,2,13,1,0.703695355,0.426888024,0.598293577,0.829,0,0
7,7,4,4,2,13,4,0.22447573,0.282401796,0.493791825,0.829,0,0
7,7,4,4,2,13,6,0.660952735,0.352200535,0.546473068,0.829,0,0
7,7,4,4,3,2,6,0.870483053,0.397208649,0.744644292,0.96,0,0
7,7,4,4,4,3,1,0.15815895,0.304507287,0.386406788,0.829,0,0
7,7,4,4,4,3,4,0.099700672,0.298600321,0.398831844,0.829,0,0
7,7,4,4,4,3,6,0.798674134,0.412728835,0.686648436,0.96,0,0
7,7,4,4,4,3,1,0.15815895,0.304507287,0.386406788,0.829,0,0
7,7,4,4,4,3,4,0.099700672,0.298600321,0.398831844,0.829,0,0
6,12,3,3,0,6,1,0.490037393,0.490037393,0.62583624,0.764,1,1
6,12,3,3,0,6,1,0.370613669,0.370613669,0.568598239,0.96,1,1
6,12,3,3,0,6,1,0.539298587,0.539298587,0.648715026,0.764,0,0
6,12,3,3,0,6,1,0.48082717,0.48082717,0.649447221,0.764,0,0
6,12,3,3,0,6,0,0.252732143,0.252732143,0.591948414,0.764,0,0
6,12,3,3,0,6,1,0.377034777,0.377034777,0.556202772,0.764,0,0
6,12,3,3,1,4,1,0.526709656,0.329551368,0.6451618,0.96,1,0
6,12,3,3,1,4,1,0.096838985,0.367716294,0.656512534,0.764,0,0
6,12,3,3,1,4,1,0.780677525,0.412637124,0.661217917,0.764,0,0
6,12,3,3,1,4,1,0.697001432,0.580464302,0.757962606,0.764,0,0
1,7,10,2,0,1,1,0.217054861,0.217054861,0,0.96,1,1
1,7,10,2,1,1,1,0.067148901,0.222653359,0,0.96,1,1
10,16,6,7,0,1,6,0.393461303,0.393461303,0,0.96,1,1
10,16,6,7,1,1,6,0.545900716,0.388928983,0,0.96,1,1
10,16,6,7,2,3,4,0.446066219,0.390937999,0.432421857,0.96,1,1
10,16,6,7,2,3,6,0.594452731,0.410118418,0.455269578,0.712,0,0
10,16,6,7,2,3,6,0.448551893,0.31797767,0.704318468,0.712,0,0
10,16,6,7,3,1,6,0.454847512,0.325099208,0,0.96,1,1
10,16,6,7,4,4,6,0.069221619,0.394125637,0.145571259,0.96,1,1
10,16,6,7,4,4,4,0.149165876,0.421847068,0.116906357,0.712,0,0
10,16,6,7,4,4,4,0.120021088,0.247377566,0.159509305,0.712,0,0
10,16,6,7,4,4,6,0.139155904,0.374956552,0.107073408,0.712,0,0
10,16,6,7,5,1,4,0.683691801,0.290269641,0,0.96,1,1
10,16,6,7,6,1,2,0.408872475,0.405694244,0,0.96,1,1
10,16,6,7,7,2,2,0.637143517,0.438064044,0.036843409,0.712,1,1
10,16,6,7,7,2,4,0.616964788,0.402835041,0.036843409,0.96,1,1
10,16,6,7,7,2,2,0.637143517,0.438064044,0.036843409,0.712,1,1
1,13,4,3,0,2,1,0.447115147,0.447115147,0.792653118,0.96,1,1
1,13,4,3,0,2,1,0.371496069,0.371496069,0.792653118,0.751,0,0
1,13,4,3,1,1,0,0.860542268,0.428152947,0,0.96,1,1
1,13,4,3,2,1,1,0.057628775,0.454164574,0,0.96,1,1
5,8,3,2,0,1,0,0.541295078,0.541295078,0,0.96,1,1
5,8,3,2,1,2,0,0.191683349,0.502153014,0.641186369,0.96,1,0
5,8,3,2,1,2,0,0.793881793,0.470619672,0.641186369,0.816,0,0
9,12,5,5,0,2,9,0.402741868,0.402741868,0.784932682,0.96,1,1
9,12,5,5,0,2,8,0.388142621,0.388142621,0.784932682,0.764,0,0
9,12,5,5,1,1,9,0.098048344,0.464005874,0,0.96,1,1
9,12,5,5,2,1,4,0.523957457,0.368786775,0,0.96,1,1
9,12,5,5,3,4,9,0.66123684,0.307091426,0.562581456,0.96,1,1
9,12,5,5,3,4,9,0.559938346,0.42127499,0.294076385,0.764,0,0
9,12,5,5,3,4,9,0.654920254,0.384688003,0.287786163,0.764,0,0
9,12,5,5,3,4,9,0.606350802,0.442492213,0.282069574,0.764,0,0
5,5,6,1,0,1,1,0.306791426,0.306791426,0,0.96,1,0
5,5,6,1,1,1,1,0.374952107,0.372988482,0,0.96,1,1
5,5,6,1,2,1,2,0.370610488,0.22234713,0,0.96,1,0
5,5,6,1,3,1,0,0.490863757,0.493354392,0,0.96,1,1
5,5,6,1,4,1,1,0.773884825,0.310604794,0,0.96,1,1
5,3,2,1,0,3,4,0.494147469,0.494147469,0.391573868,0.96,1,0
5,3,2,1,0,3,6,0.536051025,0.536051025,0.698993969,0.881,0,0
5,3,2,1,0,3,6,0.461711575,0.461711575,0.423980907,0.881,0,0
5,3,2,1,1,1,6,0.1070415,0.405213124,0,0.96,1,0
5,3,2,1,2,1,2,0.509257487,0.316634997,0,0.96,1,0
5,3,2,1,3,1,4,0.221077929,0.533548766,0,0.96,1,0
0,1,8,4,0,1,1,0.33696523,0.33696523,0,0.96,1,1
0,1,8,4,1,1,0,0.376159792,0.252520187,0,0.96,1,0
12,5,4,4,0,2,4,0.365786099,0.365786099,0.920195003,0.96,1,1
12,5,4,4,0,2,4,0.559122345,0.559122345,0.920195003,0.855,0,0
12,5,4,4,2,4,2,0.474407472,0.413492352,0.631579629,0.96,1,0
12,5,4,4,2,4,4,0.682903934,0.509419062,0.630903225,0.855,0,0
12,5,4,4,2,4,4,0.910905577,0.53141707,0.698733303,0.855,0,0
12,5,4,4,2,4,2,0.669191839,0.488793976,0.844538431,0.855,0,0
12,5,4,4,1,5,2,0.59273066,0.495432682,0.663563848,0.855,1,0
12,5,4,4,1,5,6,0.077753253,0.310995275,0.411371442,0.855,0,0
12,5,4,4,1,5,6,0.872448903,0.506721043,0.848555326,0.855,0,0
12,5,4,4,1,5,4,0.106487643,0.459684648,0.471721045,0.855,0,0
12,5,4,4,1,5,4,0.036864632,0.37952649,0.417069859,0.96,0,0
12,5,4,4,1,5,6,0.077753253,0.310995275,0.411371442,0.855,0,0
12,5,4,4,1,5,6,0.872448903,0.506721043,0.848555326,0.855,0,0
12,5,4,4,1,5,4,0.106487643,0.459684648,0.471721045,0.855,0,0
12,5,4,4,3,2,6,0.11087135,0.494110661,0.84318895,0.855,1,0
12,5,4,4,3,2,1,0.758211034,0.349366701,0.84318895,0.96,1,0
12,5,4,4,4,1,4,0.629675287,0.495220254,0,0.96,1,0
5,14,9,5,0,1,4,0.387356875,0.387356875,0,0.96,1,1
5,14,9,5,1,8,2,0.668438823,0.283429041,0.454056278,0.96,1,1
5,14,9,5,1,8,1,0.107586269,0.336720647,0.30307667,0.738,0,0
5,14,9,5,1,8,2,0.121891712,0.313758239,0.289390678,0.738,0,0
5,14,9,5,1,8,4,0.389038576,0.270804858,0.310178484,0.738,0,0
5,14,9,5,1,8,4,0.35118112,0.27949396,0.30156223,0.738,0,0
5,14,9,5,1,8,4,0.595843935,0.21644489,0.416351899,0.738,0,0
5,14,9,5,1,8,4,0.390764876,0.153202896,0.362410484,0.738,0,0
5,14,9,5,1,8,4,0.092366834,0.325641559,0.301888367,0.738,0,0
